name,fmt,fmt_ea,func_ea,printf_call_ea
AIL_set_timer_divisor,"AIL_set_timer_divisor(%u,%u)\n",0x6257a,0x0,0x3e21f
AIL_start_all_timers,AIL_start_all_timers()\n,0x625c6,0x0,0x3e3d4
AIL_stop_all_timers,AIL_stop_all_timers()\n,0x625f2,0x0,0x3e4a3
AIL_uninstall_DIG_driver,AIL_uninstall_DIG_driver(0x%X)\n,0x626d5,0x0,0x3e9f7
AIL_resume_sample,AIL_resume_sample(0x%X)\n,0x62810,0x0,0x3f006
AIL_set_sample_position,"AIL_set_sample_position(0x%X,%u)\n",0x629ec,0x0,0x3faa8
AIL_uninstall_MDI_driver,AIL_uninstall_MDI_driver(0x%X)\n,0x62b62,0x0,0x403ca
AIL_release_sequence_handle,AIL_release_sequence_handle(0x%X)\n,0x62ba6,0x0,0x4051c
AIL_start_sequence,AIL_start_sequence(0x%X)\n,0x62bea,0x0,0x40682
AIL_resume_sequence,AIL_resume_sequence(0x%X)\n,0x62c1d,0x0,0x4075c
AIL_set_sequence_loop_count,"AIL_set_sequence_loop_count(0x%X,%d)\n",0x62c99,0x0,0x4093f
AIL_set_GTL_filename_prefix,AIL_set_GTL_filename_prefix(%s)\n,0x62d5a,0x0,0x40e3d
AIL_register_ICA_array,"AIL_register_ICA_array(0x%X,0x%X)\n",0x62fc5,0x0,0x41bfe
AIL_send_sysex_message,"AIL_send_sysex_message(0x%X,0x%X)\n",0x630a2,0x0,0x41fd7
AIL_destroy_wave_synthesizer,AIL_destroy_wave_synthesizer(0x%X)\n,0x630f5,0x0,0x4214a
AIL_startup,AIL_startup()\n,0x62396,0x3d488,0x3d607
AIL_shutdown,AIL_shutdown()\n,0x623a5,0x3d622,0x3d666
AIL_set_preference,"AIL_set_preference(%d,%d)\n",0x623b5,0x3d6ba,0x3d70a
AIL_get_real_vect,AIL_get_real_vect(0x%X)\n,0x623dd,0x3d7be,0x3d809
AIL_set_real_vect,"AIL_set_real_vect(0x%X,0x%X)\n",0x62405,0x3d8a9,0x3d8f8
AIL_set_USE16_ISR,"AIL_set_USE16_ISR(%d,0x%X,%u)\n",0x62423,0x3d922,0x3d977
AIL_restore_USE16_ISR,AIL_restore_USE16_ISR(%d)\n,0x62442,0x3d9ac,0x3d9f6
AIL_call_driver,"AIL_call_driver(0x%X,0x%X,0x%X,0x%X)\n",0x6245d,0x3da33,0x3da8d
AIL_delay,AIL_delay(%d)\n,0x62483,0x3db3b,0x3db85
AIL_API_read_INI,"AIL_API_read_INI(0x%X,%s)\n",0x62492,0x3dbad,0x3dbfd
AIL_register_timer,AIL_register_timer(0x%X)\n,0x62508,0x3df06,0x3df51
AIL_set_timer_user,"AIL_set_timer_user(%u,%u)\n",0x62522,0x3dff1,0x3e041
AIL_set_timer_period,"AIL_set_timer_period(%u,%u)\n",0x6253d,0x3e0e4,0x3e133
AIL_set_timer_frequency,"AIL_set_timer_frequency(%u,%u)\n",0x6255a,0x3e15a,0x3e1a9
AIL_interrupt_divisor,AIL_interrupt_divisor()\n,0x62598,0x3e246,0x3e28c
AIL_start_timer,AIL_start_timer(%u)\n,0x625b1,0x3e323,0x3e36d
AIL_stop_timer,AIL_stop_timer(%u)\n,0x625de,0x3e3f2,0x3e43c
AIL_release_timer_handle,AIL_release_timer_handle(%u)\n,0x62609,0x3e4c1,0x3e50b
AIL_release_all_timers,AIL_release_all_timers()\n,0x62627,0x3e52e,0x3e572
AIL_get_IO_environment,AIL_get_IO_environment(0x%X)\n,0x62641,0x3e590,0x3e5db
AIL_install_driver,"AIL_install_driver(0x%X,%u)\n",0x6265f,0x3e675,0x3e6c5
AIL_uninstall_driver,AIL_uninstall_driver(0x%X)\n,0x6267c,0x3e768,0x3e7b2
AIL_install_DIG_INI,AIL_install_DIG_INI()\n,0x62698,0x3e7d5,0x3e81b
AIL_install_DIG_driver_file,"AIL_install_DIG_driver_file(%s,0x%X)\n",0x626af,0x3e8c0,0x3e910
AIL_allocate_sample_handle,AIL_allocate_sample_handle(0x%X)\n,0x626f5,0x3ea1a,0x3ea65
AIL_allocate_file_sample,"AIL_allocate_file_sample(0x%X,0x%X,%d)\n",0x62717,0x3eaff,0x3eb54
AIL_release_sample_handle,AIL_release_sample_handle(0x%X)\n,0x6273f,0x3ebfe,0x3ec48
AIL_init_sample,AIL_init_sample(0x%X)\n,0x62760,0x3ec6b,0x3ecb5
AIL_set_sample_file,"AIL_set_sample_file(0x%X,0x%X,%d)\n",0x62777,0x3ecd8,0x3ed2d
AIL_set_sample_address,"AIL_set_sample_address(0x%X,0x%X,%u)\n",0x6279a,0x3edde,0x3ee33
AIL_set_sample_type,"AIL_set_sample_type(0x%X,%d,%u)\n",0x627c0,0x3ee60,0x3eeb5
AIL_start_sample,AIL_start_sample(0x%X)\n,0x627e1,0x3eee2,0x3ef2c
AIL_stop_sample,AIL_stop_sample(0x%X)\n,0x627f9,0x3ef4f,0x3ef99
AIL_end_sample,AIL_end_sample(0x%X)\n,0x62829,0x3f029,0x3f073
AIL_set_sample_playback_rate,"AIL_set_sample_playback_rate(0x%X,%d)\n",0x6283f,0x3f096,0x3f0e5
AIL_set_sample_volume,"AIL_set_sample_volume(0x%X,%d)\n",0x62866,0x3f10c,0x3f15b
AIL_set_sample_pan,"AIL_set_sample_pan(0x%X,%d)\n",0x62886,0x3f182,0x3f1d1
AIL_set_sample_loop_count,"AIL_set_sample_loop_count(0x%X,%d)\n",0x628a3,0x3f1f8,0x3f247
AIL_sample_status,AIL_sample_status(0x%X)\n,0x628c7,0x3f26e,0x3f2b9
AIL_sample_playback_rate,AIL_sample_playback_rate(0x%X)\n,0x628e0,0x3f353,0x3f39e
AIL_sample_volume,AIL_sample_volume(0x%X)\n,0x62900,0x3f444,0x3f48f
AIL_sample_pan,AIL_sample_pan(0x%X)\n,0x62919,0x3f529,0x3f574
AIL_sample_loop_count,AIL_sample_loop_count(0x%X)\n,0x6292f,0x3f60e,0x3f659
AIL_install_DIG_driver_image,"AIL_install_DIG_driver_image(0x%X,%u,0x%X)\n",0x6294c,0x3f6f3,0x3f748
AIL_minimum_sample_buffer_size,"AIL_minimum_sample_buffer_size(0x%X,%d,%d)\n",0x62978,0x3f7ec,0x3f841
AIL_sample_buffer_ready,AIL_sample_buffer_ready(0x%X)\n,0x629a4,0x3f8e5,0x3f930
AIL_load_sample_buffer,"AIL_load_sample_buffer(0x%X,%u,0x%X,%u)\n",0x629c3,0x3f9ca,0x3fa24
AIL_sample_position,AIL_sample_position(0x%X)\n,0x62a0e,0x3facf,0x3fb1a
AIL_register_SOB_callback,"AIL_register_SOB_callback(0x%X,0x%X)\n",0x62a29,0x3fbb4,0x3fc04
AIL_register_EOB_callback,"AIL_register_EOB_callback(0x%X,0x%X)\n",0x62a4f,0x3fca1,0x3fcf1
AIL_register_EOS_callback,"AIL_register_EOS_callback(0x%X,0x%X)\n",0x62a75,0x3fd8e,0x3fdde
AIL_register_EOF_callback,"AIL_register_EOF_callback(0x%X,0x%X)\n",0x62a9b,0x3fe7b,0x3fecb
AIL_set_sample_user_data,"AIL_set_sample_user_data(0x%X,%u,%d)\n",0x62ac1,0x3ff68,0x3ffbd
AIL_sample_user_data,"AIL_sample_user_data(0x%X,%u)\n",0x62ae7,0x3ffea,0x4003a
AIL_active_sample_count,AIL_active_sample_count(0x%X)\n,0x62b06,0x400d7,0x40122
AIL_install_MDI_INI,AIL_install_MDI_INI()\n,0x62b25,0x401bc,0x40202
AIL_install_MDI_driver_file,"AIL_install_MDI_driver_file(%s,0x%X)\n",0x62b3c,0x40293,0x402e3
AIL_allocate_sequence_handle,AIL_allocate_sequence_handle(0x%X)\n,0x62b82,0x403ed,0x40438
AIL_init_sequence,"AIL_init_sequence(0x%X,0x%X,%d)\n",0x62bc9,0x4053f,0x40594
AIL_stop_sequence,AIL_stop_sequence(0x%X)\n,0x62c04,0x406a5,0x406ef
AIL_end_sequence,AIL_end_sequence(0x%X)\n,0x62c38,0x4077f,0x407c9
AIL_set_sequence_tempo,"AIL_set_sequence_tempo(0x%X,%d,%d)\n",0x62c50,0x407ec,0x40841
AIL_set_sequence_volume,"AIL_set_sequence_volume(0x%X,%d,%d)\n",0x62c74,0x4086e,0x408c3
AIL_sequence_status,AIL_sequence_status(0x%X)\n,0x62cbf,0x40966,0x409b1
AIL_sequence_tempo,AIL_sequence_tempo(0x%X)\n,0x62cda,0x40a4b,0x40a96
AIL_sequence_volume,AIL_sequence_volume(0x%X)\n,0x62cf4,0x40b30,0x40b7b
AIL_sequence_loop_count,AIL_sequence_loop_count(0x%X)\n,0x62d0f,0x40c15,0x40c60
AIL_install_MDI_driver_image,"AIL_install_MDI_driver_image(0x%X,%u,0x%X)\n",0x62d2e,0x40cfa,0x40d4f
AIL_timbre_status,"AIL_timbre_status(0x%X,%d,%d)\n",0x62d7b,0x40e60,0x40eb5
AIL_install_timbre,"AIL_install_timbre(0x%X,%d,%d)\n",0x62d9a,0x40f59,0x40fae
AIL_protect_timbre,"AIL_protect_timbre(0x%X,%d,%d)\n",0x62dba,0x41052,0x410a7
AIL_unprotect_timbre,"AIL_unprotect_timbre(0x%X,%d,%d)\n",0x62dda,0x410d4,0x41129
AIL_active_sequence_count,AIL_active_sequence_count(0x%X)\n,0x62dfc,0x41156,0x411a1
AIL_controller_value,"AIL_controller_value(0x%X,%d,%d)\n",0x62e1d,0x4123b,0x41290
AIL_channel_notes,"AIL_channel_notes(0x%X,%d)\n",0x62e3f,0x41334,0x41384
AIL_sequence_position,"AIL_sequence_position(0x%X,0x%X,0x%X)\n",0x62e5b,0x41421,0x41476
AIL_branch_index,"AIL_branch_index(0x%X,%u)\n",0x62e92,0x41529,0x41578
AIL_register_prefix_callback,"AIL_register_prefix_callback(0x%X,0x%X)\n",0x62ead,0x4159f,0x415ef
AIL_register_trigger_callback,"AIL_register_trigger_callback(0x%X,0x%X)\n",0x62ed6,0x4168c,0x416dc
AIL_register_sequence_callback,"AIL_register_sequence_callback(0x%X,0x%X)\n",0x62f00,0x41779,0x417c9
AIL_register_event_callback,"AIL_register_event_callback(0x%X,0x%X)\n",0x62f2b,0x41866,0x418b6
AIL_register_timbre_callback,"AIL_register_timbre_callback(0x%X,0x%X)\n",0x62f53,0x41953,0x419a3
AIL_set_sequence_user_data,"AIL_set_sequence_user_data(0x%X,%u,%d)\n",0x62f7c,0x41a40,0x41a95
AIL_sequence_user_data,"AIL_sequence_user_data(0x%X,%u)\n",0x62fa4,0x41ac2,0x41b12
AIL_lock_channel,AIL_lock_channel(0x%X)\n,0x62fe8,0x41c25,0x41c70
AIL_release_channel,"AIL_release_channel(0x%X,%d)\n",0x63000,0x41d0a,0x41d59
AIL_map_sequence_channel,"AIL_map_sequence_channel(0x%X,%d,%d)\n",0x6301e,0x41d80,0x41dd5
AIL_true_sequence_channel,"AIL_true_sequence_channel(0x%X,%d)\n",0x63044,0x41e02,0x41e52
AIL_send_channel_voice_message,"AIL_send_channel_voice_message(0x%X,0x%X,0x%X,0x%X,0x%X)\n",0x63068,0x41eef,0x41f4e
AIL_create_wave_synthesizer,"AIL_create_wave_synthesizer(0x%X,0x%X,0x%X,%d)\n",0x630c5,0x41ffe,0x42058
