caller_func,call_site,target,ail_name
0x13ed0,0x13fbb,0x5664b,<not-trace-mapped>
0x142d0,0x14349,0x3f26e,AIL_sample_status
0x142d0,0x14418,0x3ec6b,AIL_init_sample
0x142d0,0x1443d,0x3edde,AIL_set_sample_address
0x142d0,0x1445b,0x3ee60,AIL_set_sample_type
0x142d0,0x14475,0x3f1f8,AIL_set_sample_loop_count
0x142d0,0x1449a,0x3f096,AIL_set_sample_playback_rate
0x142d0,0x144b2,0x3eee2,AIL_start_sample
0x14e90,0x14ebc,0x421a8,<not-trace-mapped>
0x14e90,0x150d3,0x423ce,<not-trace-mapped>
0x14e90,0x150f3,0x4247d,<not-trace-mapped>
0x14e90,0x15104,0x56627,<not-trace-mapped>
0x14e90,0x15110,0x4262e,<not-trace-mapped>
0x14e90,0x152a0,0x423ce,<not-trace-mapped>
0x14e90,0x152b4,0x56608,<not-trace-mapped>
0x14e90,0x152ce,0x56627,<not-trace-mapped>
0x14e90,0x152e5,0x427b1,<not-trace-mapped>
0x14e90,0x152f1,0x4262e,<not-trace-mapped>
0x14e90,0x15372,0x56523,<not-trace-mapped>
0x14e90,0x15442,0x56523,<not-trace-mapped>
0x15460,0x1565f,0x56523,<not-trace-mapped>
0x15460,0x15769,0x56523,<not-trace-mapped>
0x15850,0x15887,0x429ea,<not-trace-mapped>
0x15850,0x158b1,0x429fd,<not-trace-mapped>
0x15850,0x15a87,0x5664b,<not-trace-mapped>
0x15850,0x15b09,0x5664b,<not-trace-mapped>
0x15b80,0x15bc0,0x5664b,<not-trace-mapped>
0x15bd0,0x15c5b,0x42a28,<not-trace-mapped>
0x15bd0,0x15c7a,0x42a28,<not-trace-mapped>
0x15bd0,0x15c99,0x42a28,<not-trace-mapped>
0x15bd0,0x15cb8,0x42a28,<not-trace-mapped>
0x15cf0,0x15f57,0x56523,<not-trace-mapped>
0x15cf0,0x15ff7,0x56523,<not-trace-mapped>
0x161f0,0x1620d,0x5652e,<not-trace-mapped>
0x162f0,0x16435,0x5664b,<not-trace-mapped>
0x16830,0x168a5,0x5664b,<not-trace-mapped>
0x168d0,0x1691a,0x42a40,<not-trace-mapped>
0x168d0,0x169e4,0x42a40,<not-trace-mapped>
0x168d0,0x169f8,0x42a40,<not-trace-mapped>
0x168d0,0x16a2b,0x42a40,<not-trace-mapped>
0x168d0,0x16a44,0x42a40,<not-trace-mapped>
0x16a90,0x16e55,0x56523,<not-trace-mapped>
0x170b0,0x170df,0x42a68,<not-trace-mapped>
0x170b0,0x17152,0x42a40,<not-trace-mapped>
0x170b0,0x17292,0x5664b,<not-trace-mapped>
0x170b0,0x1731e,0x5664b,<not-trace-mapped>
0x170b0,0x17359,0x5664b,<not-trace-mapped>
0x170b0,0x173ba,0x5664b,<not-trace-mapped>
0x170b0,0x1741b,0x5664b,<not-trace-mapped>
0x170b0,0x1747e,0x5664b,<not-trace-mapped>
0x17520,0x175b2,0x42ab1,<not-trace-mapped>
0x17520,0x175ca,0x42ab1,<not-trace-mapped>
0x17520,0x175e8,0x42ae4,<not-trace-mapped>
0x17520,0x17602,0x42b09,<not-trace-mapped>
0x17520,0x17615,0x42b42,<not-trace-mapped>
0x17520,0x176c2,0x5664b,<not-trace-mapped>
0x177c0,0x17803,0x423ce,<not-trace-mapped>
0x177c0,0x1781a,0x42b5b,<not-trace-mapped>
0x177c0,0x17824,0x42b7f,<not-trace-mapped>
0x177c0,0x17840,0x42bf6,<not-trace-mapped>
0x177c0,0x17854,0x4247d,<not-trace-mapped>
0x177c0,0x17880,0x42bf6,<not-trace-mapped>
0x177c0,0x17898,0x4247d,<not-trace-mapped>
0x177c0,0x178a4,0x4262e,<not-trace-mapped>
0x177c0,0x178c2,0x5664b,<not-trace-mapped>
0x178e0,0x178ec,0x56509,<not-trace-mapped>
0x178e0,0x17968,0x56523,<not-trace-mapped>
0x17980,0x179a8,0x56523,<not-trace-mapped>
0x17980,0x17aae,0x5664b,<not-trace-mapped>
0x17980,0x17c01,0x5652e,<not-trace-mapped>
0x17c90,0x17d0d,0x42b5b,<not-trace-mapped>
0x17c90,0x17d17,0x42b7f,<not-trace-mapped>
0x17c90,0x17d68,0x42a40,<not-trace-mapped>
0x17c90,0x1805a,0x56523,<not-trace-mapped>
0x17c90,0x1805f,0x5652e,<not-trace-mapped>
0x17c90,0x1831d,0x56523,<not-trace-mapped>
0x18d50,0x18d76,0x423ce,<not-trace-mapped>
0x18d50,0x18d92,0x4247d,<not-trace-mapped>
0x18d50,0x18d9e,0x4262e,<not-trace-mapped>
0x18d50,0x18db2,0x423ce,<not-trace-mapped>
0x18d50,0x18dce,0x4247d,<not-trace-mapped>
0x18d50,0x18dda,0x4262e,<not-trace-mapped>
0x18d50,0x18e92,0x42ab1,<not-trace-mapped>
0x18d50,0x18ed5,0x42ab1,<not-trace-mapped>
0x18d50,0x18f18,0x42ab1,<not-trace-mapped>
0x18d50,0x18f74,0x42ab1,<not-trace-mapped>
0x18d50,0x18fe2,0x42ab1,<not-trace-mapped>
0x18d50,0x1904b,0x42ab1,<not-trace-mapped>
0x18d50,0x19182,0x42a40,<not-trace-mapped>
0x18d50,0x191b1,0x423ce,<not-trace-mapped>
0x18d50,0x191cd,0x4247d,<not-trace-mapped>
0x18d50,0x191d9,0x4262e,<not-trace-mapped>
0x18d50,0x191ed,0x423ce,<not-trace-mapped>
0x18d50,0x19209,0x4247d,<not-trace-mapped>
0x18d50,0x19215,0x4262e,<not-trace-mapped>
0x194c0,0x19553,0x42a40,<not-trace-mapped>
0x196b0,0x197e2,0x42a68,<not-trace-mapped>
0x196b0,0x1980e,0x42a68,<not-trace-mapped>
0x196b0,0x198d0,0x42a40,<not-trace-mapped>
0x196b0,0x19ac6,0x42a40,<not-trace-mapped>
0x196b0,0x19cc4,0x42a28,<not-trace-mapped>
0x196b0,0x19cd3,0x42a28,<not-trace-mapped>
0x196b0,0x19ce2,0x42a28,<not-trace-mapped>
0x196b0,0x19cf1,0x42a28,<not-trace-mapped>
0x196b0,0x19d0a,0x42a28,<not-trace-mapped>
0x196b0,0x19d19,0x42a28,<not-trace-mapped>
0x196b0,0x19d28,0x42a28,<not-trace-mapped>
0x196b0,0x19d37,0x42a28,<not-trace-mapped>
0x196b0,0x19e05,0x42a40,<not-trace-mapped>
0x19f60,0x1a158,0x42a68,<not-trace-mapped>
0x19f60,0x1a182,0x42a68,<not-trace-mapped>
0x19f60,0x1a1a6,0x42a68,<not-trace-mapped>
0x19f60,0x1a1d0,0x42a68,<not-trace-mapped>
0x19f60,0x1a1ec,0x42a68,<not-trace-mapped>
0x19f60,0x1a216,0x42a68,<not-trace-mapped>
0x19f60,0x1a286,0x42a68,<not-trace-mapped>
0x1a350,0x1a38c,0x42a40,<not-trace-mapped>
0x1a4a0,0x1a55e,0x423ce,<not-trace-mapped>
0x1a4a0,0x1a57a,0x4247d,<not-trace-mapped>
0x1a4a0,0x1a586,0x4262e,<not-trace-mapped>
0x1a4a0,0x1a59a,0x423ce,<not-trace-mapped>
0x1a4a0,0x1a5b6,0x4247d,<not-trace-mapped>
0x1a4a0,0x1a5c2,0x4262e,<not-trace-mapped>
0x1a4a0,0x1a69d,0x42ab1,<not-trace-mapped>
0x1a4a0,0x1a6d2,0x42ab1,<not-trace-mapped>
0x1a4a0,0x1a707,0x42ab1,<not-trace-mapped>
0x1a4a0,0x1a76e,0x42ab1,<not-trace-mapped>
0x1a4a0,0x1a7bd,0x42ab1,<not-trace-mapped>
0x1a4a0,0x1a80c,0x42ab1,<not-trace-mapped>
0x1a4a0,0x1a88d,0x42ab1,<not-trace-mapped>
0x1a4a0,0x1a8f8,0x42ab1,<not-trace-mapped>
0x1a4a0,0x1aa33,0x42a40,<not-trace-mapped>
0x1a4a0,0x1abb9,0x42a40,<not-trace-mapped>
0x1a4a0,0x1adac,0x42b5b,<not-trace-mapped>
0x1a4a0,0x1adb6,0x42b7f,<not-trace-mapped>
0x1a4a0,0x1af13,0x42a40,<not-trace-mapped>
0x1a4a0,0x1b243,0x42a40,<not-trace-mapped>
0x1a4a0,0x1b507,0x42a40,<not-trace-mapped>
0x1a4a0,0x1b715,0x42a40,<not-trace-mapped>
0x1a4a0,0x1b969,0x42a40,<not-trace-mapped>
0x1a4a0,0x1b998,0x423ce,<not-trace-mapped>
0x1a4a0,0x1b9b4,0x4247d,<not-trace-mapped>
0x1a4a0,0x1b9c0,0x4262e,<not-trace-mapped>
0x1a4a0,0x1b9d4,0x423ce,<not-trace-mapped>
0x1a4a0,0x1b9f0,0x4247d,<not-trace-mapped>
0x1a4a0,0x1b9fc,0x4262e,<not-trace-mapped>
0x1ba10,0x1ba52,0x42a40,<not-trace-mapped>
0x1ba10,0x1ba66,0x423ce,<not-trace-mapped>
0x1ba10,0x1ba82,0x4247d,<not-trace-mapped>
0x1ba10,0x1ba8e,0x4262e,<not-trace-mapped>
0x1ba10,0x1baa2,0x423ce,<not-trace-mapped>
0x1ba10,0x1babe,0x4247d,<not-trace-mapped>
0x1ba10,0x1bad8,0x4262e,<not-trace-mapped>
0x1ba10,0x1bb6e,0x42ab1,<not-trace-mapped>
0x1ba10,0x1bbb1,0x42ab1,<not-trace-mapped>
0x1ba10,0x1bc13,0x42ab1,<not-trace-mapped>
0x1ba10,0x1bc9e,0x42a40,<not-trace-mapped>
0x1ba10,0x1bdba,0x42a40,<not-trace-mapped>
0x1ba10,0x1be94,0x42a40,<not-trace-mapped>
0x1ba10,0x1bf7d,0x42a40,<not-trace-mapped>
0x1ba10,0x1c0b1,0x42a40,<not-trace-mapped>
0x1ba10,0x1c1c1,0x423ce,<not-trace-mapped>
0x1ba10,0x1c1dd,0x4247d,<not-trace-mapped>
0x1ba10,0x1c1e9,0x4262e,<not-trace-mapped>
0x1ba10,0x1c1fd,0x423ce,<not-trace-mapped>
0x1ba10,0x1c219,0x4247d,<not-trace-mapped>
0x1ba10,0x1c225,0x4262e,<not-trace-mapped>
0x1c370,0x1c3e9,0x42a68,<not-trace-mapped>
0x1c4f0,0x1c6b8,0x42a68,<not-trace-mapped>
0x1c4f0,0x1c6e5,0x42a68,<not-trace-mapped>
0x1c4f0,0x1c7a4,0x42a68,<not-trace-mapped>
0x1c4f0,0x1c7d1,0x42a68,<not-trace-mapped>
0x1c4f0,0x1c881,0x42a68,<not-trace-mapped>
0x1c4f0,0x1c8a9,0x42a68,<not-trace-mapped>
0x1c4f0,0x1c99d,0x42a68,<not-trace-mapped>
0x1d960,0x1d985,0x56523,<not-trace-mapped>
0x1d960,0x1dcec,0x56523,<not-trace-mapped>
0x1dd00,0x1de1e,0x42a40,<not-trace-mapped>
0x1dd00,0x1dfbf,0x56523,<not-trace-mapped>
0x1dd00,0x1e178,0x5652e,<not-trace-mapped>
0x1dd00,0x1e243,0x5664b,<not-trace-mapped>
0x1dd00,0x1e32d,0x56523,<not-trace-mapped>
0x1e340,0x1e36d,0x42a68,<not-trace-mapped>
0x1e3c0,0x1e7f9,0x56523,<not-trace-mapped>
0x1ea50,0x1ea6c,0x42ab1,<not-trace-mapped>
0x1ea50,0x1ea7f,0x42b42,<not-trace-mapped>
0x1ead0,0x1ebe5,0x42d50,<not-trace-mapped>
0x1ede0,0x1eefc,0x5664b,<not-trace-mapped>
0x1f4e0,0x1f5af,0x42ab1,<not-trace-mapped>
0x1f4e0,0x1f5ff,0x42b42,<not-trace-mapped>
0x1ff30,0x1ffb0,0x56523,<not-trace-mapped>
0x1ff30,0x2007f,0x5664b,<not-trace-mapped>
0x1ff30,0x20196,0x42ab1,<not-trace-mapped>
0x1ff30,0x201a2,0x42b42,<not-trace-mapped>
0x203a0,0x20409,0x5652e,<not-trace-mapped>
0x203a0,0x204eb,0x5664b,<not-trace-mapped>
0x20580,0x205ec,0x42a40,<not-trace-mapped>
0x207f0,0x20842,0x42a40,<not-trace-mapped>
0x207f0,0x208af,0x42a40,<not-trace-mapped>
0x20c30,0x20c76,0x42a40,<not-trace-mapped>
0x20c30,0x20e0f,0x42a40,<not-trace-mapped>
0x21620,0x2166e,0x42b5b,<not-trace-mapped>
0x21620,0x21676,0x56510,<not-trace-mapped>
0x21620,0x21694,0x56510,<not-trace-mapped>
0x21620,0x216a8,0x56523,<not-trace-mapped>
0x21620,0x21949,0x42ab1,<not-trace-mapped>
0x21620,0x219d2,0x42ab1,<not-trace-mapped>
0x21620,0x21b30,0x42a40,<not-trace-mapped>
0x22720,0x22758,0x42a40,<not-trace-mapped>
0x22720,0x2279c,0x56523,<not-trace-mapped>
0x227b0,0x2284a,0x42ab1,<not-trace-mapped>
0x227b0,0x22890,0x42ab1,<not-trace-mapped>
0x227b0,0x228fa,0x42ab1,<not-trace-mapped>
0x227b0,0x22929,0x42ab1,<not-trace-mapped>
0x227b0,0x22a82,0x42ab1,<not-trace-mapped>
0x227b0,0x22ac0,0x42ab1,<not-trace-mapped>
0x227b0,0x22afe,0x42ab1,<not-trace-mapped>
0x22bb0,0x22bee,0x423ce,<not-trace-mapped>
0x22bb0,0x22c07,0x42ab1,<not-trace-mapped>
0x22bb0,0x22cfb,0x42a40,<not-trace-mapped>
0x22bb0,0x22d9f,0x42a40,<not-trace-mapped>
0x22bb0,0x22dd4,0x4262e,<not-trace-mapped>
0x22e00,0x22e2b,0x423ce,<not-trace-mapped>
0x22e00,0x22e46,0x42b5b,<not-trace-mapped>
0x22e00,0x22e50,0x42b7f,<not-trace-mapped>
0x22e00,0x22e7b,0x42bf6,<not-trace-mapped>
0x22e00,0x22e90,0x4247d,<not-trace-mapped>
0x22e00,0x22ede,0x42bf6,<not-trace-mapped>
0x22e00,0x22ef5,0x4247d,<not-trace-mapped>
0x22e00,0x22f01,0x4262e,<not-trace-mapped>
0x22f10,0x22f40,0x42a28,<not-trace-mapped>
0x22f10,0x22f7f,0x42a28,<not-trace-mapped>
0x22f10,0x22fbf,0x42a28,<not-trace-mapped>
0x22f10,0x22fff,0x42a28,<not-trace-mapped>
0x23020,0x23042,0x42bf6,<not-trace-mapped>
0x23020,0x23067,0x4247d,<not-trace-mapped>
0x23020,0x230f1,0x42bf6,<not-trace-mapped>
0x23020,0x2310c,0x4247d,<not-trace-mapped>
0x23020,0x231d4,0x42dfc,<not-trace-mapped>
0x23020,0x231eb,0x42bf6,<not-trace-mapped>
0x23020,0x23209,0x4247d,<not-trace-mapped>
0x23280,0x232bd,0x42dfc,<not-trace-mapped>
0x23280,0x23715,0x42a40,<not-trace-mapped>
0x23800,0x23818,0x423ce,<not-trace-mapped>
0x23800,0x23846,0x42b5b,<not-trace-mapped>
0x23800,0x2384e,0x56510,<not-trace-mapped>
0x23800,0x23861,0x42ab1,<not-trace-mapped>
0x23800,0x238e2,0x4262e,<not-trace-mapped>
0x23950,0x23a1e,0x42a40,<not-trace-mapped>
0x23b90,0x23d3f,0x42a40,<not-trace-mapped>
0x23df0,0x23e18,0x42b5b,<not-trace-mapped>
0x23df0,0x23e22,0x42b7f,<not-trace-mapped>
0x23df0,0x23e36,0x423ce,<not-trace-mapped>
0x23df0,0x23e50,0x4247d,<not-trace-mapped>
0x23df0,0x23e5c,0x4262e,<not-trace-mapped>
0x23df0,0x23e6d,0x56627,<not-trace-mapped>
0x23df0,0x23e89,0x56608,<not-trace-mapped>
0x23df0,0x23f61,0x42b5b,<not-trace-mapped>
0x23df0,0x23f6b,0x42b7f,<not-trace-mapped>
0x23df0,0x23ff6,0x42b5b,<not-trace-mapped>
0x23df0,0x24000,0x42b7f,<not-trace-mapped>
0x23df0,0x24063,0x423ce,<not-trace-mapped>
0x23df0,0x240ca,0x4262e,<not-trace-mapped>
0x241b0,0x24257,0x423ce,<not-trace-mapped>
0x241b0,0x24277,0x4247d,<not-trace-mapped>
0x241b0,0x24288,0x56627,<not-trace-mapped>
0x241b0,0x24294,0x4262e,<not-trace-mapped>
0x241b0,0x242ac,0x42a40,<not-trace-mapped>
0x241b0,0x242cd,0x42ed0,<not-trace-mapped>
0x241b0,0x242d9,0x42eef,<not-trace-mapped>
0x241b0,0x24390,0x423ce,<not-trace-mapped>
0x241b0,0x243a4,0x56608,<not-trace-mapped>
0x241b0,0x243be,0x56627,<not-trace-mapped>
0x241b0,0x243d5,0x427b1,<not-trace-mapped>
0x241b0,0x243e1,0x4262e,<not-trace-mapped>
0x24460,0x24502,0x423ce,<not-trace-mapped>
0x24460,0x2451c,0x4247d,<not-trace-mapped>
0x24460,0x2452d,0x56627,<not-trace-mapped>
0x24460,0x24539,0x4262e,<not-trace-mapped>
0x24620,0x24654,0x5652e,<not-trace-mapped>
0x24800,0x24878,0x423ce,<not-trace-mapped>
0x24800,0x24898,0x4247d,<not-trace-mapped>
0x24800,0x248a9,0x56627,<not-trace-mapped>
0x24800,0x248b5,0x4262e,<not-trace-mapped>
0x24800,0x248cd,0x42a40,<not-trace-mapped>
0x24800,0x249a8,0x423ce,<not-trace-mapped>
0x24800,0x249f6,0x4262e,<not-trace-mapped>
0x24a10,0x24a8c,0x423ce,<not-trace-mapped>
0x24a10,0x24ab3,0x4262e,<not-trace-mapped>
0x24a10,0x24b72,0x5664b,<not-trace-mapped>
0x24a10,0x24bc9,0x42ab1,<not-trace-mapped>
0x25280,0x25788,0x56523,<not-trace-mapped>
0x26270,0x26487,0x42a68,<not-trace-mapped>
0x26270,0x264a0,0x42a68,<not-trace-mapped>
0x27040,0x27084,0x42a68,<not-trace-mapped>
0x27570,0x275b8,0x42a68,<not-trace-mapped>
0x278b0,0x279e9,0x42a40,<not-trace-mapped>
0x278b0,0x27b43,0x5664b,<not-trace-mapped>
0x282f0,0x283be,0x42a68,<not-trace-mapped>
0x28430,0x28478,0x42a68,<not-trace-mapped>
0x285e0,0x28797,0x42a40,<not-trace-mapped>
0x285e0,0x28863,0x42a40,<not-trace-mapped>
0x288c0,0x2895a,0x42ab1,<not-trace-mapped>
0x288c0,0x28973,0x42ab1,<not-trace-mapped>
0x288c0,0x28a1d,0x42a68,<not-trace-mapped>
0x288c0,0x28a36,0x42a68,<not-trace-mapped>
0x288c0,0x28c56,0x42a40,<not-trace-mapped>
0x28eb0,0x28ee2,0x42a68,<not-trace-mapped>
0x28eb0,0x28f0c,0x42a68,<not-trace-mapped>
0x28f40,0x28fb9,0x42a68,<not-trace-mapped>
0x28f40,0x28ffc,0x42a68,<not-trace-mapped>
0x290d0,0x2912a,0x42a28,<not-trace-mapped>
0x290d0,0x29144,0x42a28,<not-trace-mapped>
0x290d0,0x2915e,0x42a28,<not-trace-mapped>
0x290d0,0x29178,0x42a28,<not-trace-mapped>
0x290d0,0x2918c,0x42a28,<not-trace-mapped>
0x290d0,0x2919b,0x42a28,<not-trace-mapped>
0x290d0,0x291aa,0x42a28,<not-trace-mapped>
0x290d0,0x291b9,0x42a28,<not-trace-mapped>
0x291f0,0x29204,0x421a8,<not-trace-mapped>
0x291f0,0x29216,0x42b5b,<not-trace-mapped>
0x291f0,0x29224,0x42b5b,<not-trace-mapped>
0x291f0,0x2922e,0x42b7f,<not-trace-mapped>
0x291f0,0x29242,0x423ce,<not-trace-mapped>
0x291f0,0x2925b,0x42fb3,<not-trace-mapped>
0x291f0,0x29271,0x42fb3,<not-trace-mapped>
0x291f0,0x29289,0x42fb3,<not-trace-mapped>
0x291f0,0x29295,0x4262e,<not-trace-mapped>
0x291f0,0x292bc,0x42b5b,<not-trace-mapped>
0x291f0,0x292ca,0x42b5b,<not-trace-mapped>
0x291f0,0x292d4,0x42b7f,<not-trace-mapped>
0x291f0,0x292fb,0x42fd8,<not-trace-mapped>
0x291f0,0x293a7,0x42fd8,<not-trace-mapped>
0x291f0,0x293b5,0x42b5b,<not-trace-mapped>
0x293d0,0x293f9,0x56510,<not-trace-mapped>
0x293d0,0x29400,0x42b7f,<not-trace-mapped>
0x29410,0x29624,0x56588,<not-trace-mapped>
0x29630,0x29683,0x56560,<not-trace-mapped>
0x29630,0x296b7,0x42b5b,<not-trace-mapped>
0x29630,0x296c1,0x42b7f,<not-trace-mapped>
0x29630,0x29716,0x56510,<not-trace-mapped>
0x29630,0x2971d,0x42b7f,<not-trace-mapped>
0x29630,0x29766,0x56510,<not-trace-mapped>
0x29630,0x2976d,0x42b7f,<not-trace-mapped>
0x29630,0x297b6,0x56510,<not-trace-mapped>
0x29630,0x297bd,0x42b7f,<not-trace-mapped>
0x29630,0x29806,0x56510,<not-trace-mapped>
0x29630,0x2980d,0x42b7f,<not-trace-mapped>
0x29630,0x29868,0x56510,<not-trace-mapped>
0x29630,0x2986f,0x42b7f,<not-trace-mapped>
0x29630,0x298df,0x56510,<not-trace-mapped>
0x29630,0x298e6,0x42b7f,<not-trace-mapped>
0x29630,0x29956,0x56510,<not-trace-mapped>
0x29630,0x2995d,0x42b7f,<not-trace-mapped>
0x29630,0x299cd,0x56510,<not-trace-mapped>
0x29630,0x299d4,0x42b7f,<not-trace-mapped>
0x29630,0x29a44,0x56510,<not-trace-mapped>
0x29630,0x29a4b,0x42b7f,<not-trace-mapped>
0x29630,0x29abb,0x56510,<not-trace-mapped>
0x29630,0x29ac2,0x42b7f,<not-trace-mapped>
0x29630,0x29b32,0x56510,<not-trace-mapped>
0x29630,0x29b39,0x42b7f,<not-trace-mapped>
0x29630,0x29ba9,0x56510,<not-trace-mapped>
0x29630,0x29bb0,0x42b7f,<not-trace-mapped>
0x29630,0x29c20,0x56510,<not-trace-mapped>
0x29630,0x29c27,0x42b7f,<not-trace-mapped>
0x29630,0x29c96,0x56510,<not-trace-mapped>
0x29630,0x29c9d,0x42b7f,<not-trace-mapped>
0x29630,0x29cc4,0x42a40,<not-trace-mapped>
0x29630,0x29d19,0x5664b,<not-trace-mapped>
0x29630,0x29d96,0x56510,<not-trace-mapped>
0x29630,0x29d9d,0x42b7f,<not-trace-mapped>
0x29630,0x29dc4,0x42a40,<not-trace-mapped>
0x29630,0x29e19,0x5664b,<not-trace-mapped>
0x29630,0x29e58,0x42b5b,<not-trace-mapped>
0x29630,0x29e62,0x42b7f,<not-trace-mapped>
0x29630,0x29ed2,0x56510,<not-trace-mapped>
0x29630,0x29ed9,0x42b7f,<not-trace-mapped>
0x29630,0x29f49,0x56510,<not-trace-mapped>
0x29630,0x29f50,0x42b7f,<not-trace-mapped>
0x29630,0x29f6c,0x421a8,<not-trace-mapped>
0x29630,0x29f96,0x423ce,<not-trace-mapped>
0x29630,0x29fb2,0x427b1,<not-trace-mapped>
0x29630,0x29fbe,0x4262e,<not-trace-mapped>
0x29630,0x29fd2,0x423ce,<not-trace-mapped>
0x29630,0x29fee,0x427b1,<not-trace-mapped>
0x29630,0x29ffa,0x4262e,<not-trace-mapped>
0x29630,0x2a01c,0x423ce,<not-trace-mapped>
0x29630,0x2a038,0x427b1,<not-trace-mapped>
0x29630,0x2a044,0x4262e,<not-trace-mapped>
0x29630,0x2a058,0x423ce,<not-trace-mapped>
0x29630,0x2a074,0x427b1,<not-trace-mapped>
0x29630,0x2a080,0x4262e,<not-trace-mapped>
0x29630,0x2a096,0x423ce,<not-trace-mapped>
0x29630,0x2a0b2,0x4247d,<not-trace-mapped>
0x29630,0x2a0be,0x4262e,<not-trace-mapped>
0x29630,0x2a0d2,0x423ce,<not-trace-mapped>
0x29630,0x2a0ee,0x4247d,<not-trace-mapped>
0x29630,0x2a0fa,0x4262e,<not-trace-mapped>
0x2a110,0x2a13b,0x42b5b,<not-trace-mapped>
0x2a110,0x2a145,0x42b7f,<not-trace-mapped>
0x2a110,0x2a18c,0x56510,<not-trace-mapped>
0x2a110,0x2a193,0x42b7f,<not-trace-mapped>
0x2a210,0x2a254,0x42b5b,<not-trace-mapped>
0x2a210,0x2a25e,0x42b7f,<not-trace-mapped>
0x2a280,0x2a2b0,0x56523,<not-trace-mapped>
0x2a280,0x2a2d2,0x423ce,<not-trace-mapped>
0x2a280,0x2a306,0x4247d,<not-trace-mapped>
0x2a280,0x2a312,0x4262e,<not-trace-mapped>
0x2a280,0x2a323,0x56627,<not-trace-mapped>
0x2a280,0x2a33f,0x56608,<not-trace-mapped>
0x2a280,0x2a477,0x5652e,<not-trace-mapped>
0x2a280,0x2a527,0x42ab1,<not-trace-mapped>
0x2a280,0x2a5d9,0x5652e,<not-trace-mapped>
0x2a280,0x2a645,0x42a40,<not-trace-mapped>
0x2a280,0x2a7a4,0x42a40,<not-trace-mapped>
0x2a280,0x2a868,0x42a40,<not-trace-mapped>
0x2a920,0x2abbc,0x56523,<not-trace-mapped>
0x2a920,0x2abc1,0x56510,<not-trace-mapped>
0x2b280,0x2b34d,0x56509,<not-trace-mapped>
0x2b870,0x2b898,0x56509,<not-trace-mapped>
0x2b870,0x2bab2,0x56523,<not-trace-mapped>
0x2b870,0x2bb6d,0x56523,<not-trace-mapped>
0x2c0c0,0x2c33b,0x5664b,<not-trace-mapped>
0x2c0c0,0x2c3ad,0x5664b,<not-trace-mapped>
0x2c0c0,0x2c3d0,0x5664b,<not-trace-mapped>
0x2c0c0,0x2c40b,0x5664b,<not-trace-mapped>
0x2c9b0,0x2ca51,0x5664b,<not-trace-mapped>
0x2cb30,0x2cddb,0x5664b,<not-trace-mapped>
0x2cb30,0x2ce14,0x5664b,<not-trace-mapped>
0x2cb30,0x2ceba,0x5664b,<not-trace-mapped>
0x2cb30,0x2ced9,0x5664b,<not-trace-mapped>
0x2cb30,0x2cf28,0x5664b,<not-trace-mapped>
0x2cb30,0x2cf85,0x5664b,<not-trace-mapped>
0x2d0f0,0x2d183,0x56509,<not-trace-mapped>
0x2d0f0,0x2d194,0x56509,<not-trace-mapped>
0x2d0f0,0x2d1ae,0x56509,<not-trace-mapped>
0x2d210,0x2d28c,0x56509,<not-trace-mapped>
0x2d210,0x2d29d,0x56509,<not-trace-mapped>
0x2d210,0x2d2b7,0x56509,<not-trace-mapped>
0x2d320,0x2d39b,0x56509,<not-trace-mapped>
0x2d320,0x2d3ac,0x56509,<not-trace-mapped>
0x2d320,0x2d3c6,0x56509,<not-trace-mapped>
0x2d430,0x2d4c5,0x56509,<not-trace-mapped>
0x2d430,0x2d4d6,0x56509,<not-trace-mapped>
0x2d430,0x2d4f0,0x56509,<not-trace-mapped>
0x2d930,0x2d996,0x5664b,<not-trace-mapped>
0x2da80,0x2dcb0,0x5664b,<not-trace-mapped>
0x2dd20,0x2dd2c,0x42a68,<not-trace-mapped>
0x2dd20,0x2dd8c,0x42a40,<not-trace-mapped>
0x2def0,0x2e0fd,0x56523,<not-trace-mapped>
0x2def0,0x2e102,0x5652e,<not-trace-mapped>
0x2e370,0x2e3b7,0x42a40,<not-trace-mapped>
0x2e3d0,0x2e40a,0x42b5b,<not-trace-mapped>
0x2e3d0,0x2e414,0x42b7f,<not-trace-mapped>
0x2e3d0,0x2e448,0x42a40,<not-trace-mapped>
0x2e4a0,0x2e573,0x42a40,<not-trace-mapped>
0x2efd0,0x2f012,0x42a28,<not-trace-mapped>
0x2efd0,0x2f02d,0x42a28,<not-trace-mapped>
0x2efd0,0x2f048,0x42a28,<not-trace-mapped>
0x2efd0,0x2f063,0x42a28,<not-trace-mapped>
0x2f080,0x2f0c9,0x42a40,<not-trace-mapped>
0x2f910,0x2f9b2,0x42a68,<not-trace-mapped>
0x2f910,0x2f9c7,0x42a68,<not-trace-mapped>
0x2fbd0,0x2fd13,0x42a40,<not-trace-mapped>
0x30270,0x3027c,0x3d488,AIL_startup
0x30270,0x30296,0x401bc,AIL_install_MDI_INI
0x30270,0x302b6,0x403ed,"AIL_allocate_sequence_handle,AIL_release_sequence_handle"
0x30270,0x302c3,0x3e7d5,AIL_install_DIG_INI
0x30270,0x302fa,0x3ea1a,AIL_allocate_sample_handle
0x30330,0x3033c,0x3d622,AIL_shutdown
0x30350,0x30372,0x3ef4f,"AIL_stop_sample,AIL_resume_sample"
0x30350,0x303a3,0x3ef4f,"AIL_stop_sample,AIL_resume_sample"
0x303c0,0x30411,0x3f26e,AIL_sample_status
0x303c0,0x30440,0x3ec6b,AIL_init_sample
0x303c0,0x30460,0x3edde,AIL_set_sample_address
0x303c0,0x3047c,0x3f1f8,AIL_set_sample_loop_count
0x303c0,0x3049a,0x3f096,AIL_set_sample_playback_rate
0x303c0,0x304b2,0x3eee2,AIL_start_sample
0x304d0,0x304ec,0x3f26e,AIL_sample_status
0x30520,0x30531,0x42a68,<not-trace-mapped>
0x30540,0x30552,0x3df06,AIL_register_timer
0x30540,0x3056e,0x42b5b,<not-trace-mapped>
0x30540,0x30580,0x3e15a,"AIL_set_timer_frequency,AIL_set_timer_divisor"
0x30540,0x3058e,0x3e323,"AIL_start_timer,AIL_start_all_timers"
0x30790,0x307e1,0x3f26e,AIL_sample_status
0x30790,0x30890,0x3ec6b,AIL_init_sample
0x30790,0x308b0,0x3edde,AIL_set_sample_address
0x30790,0x308ce,0x3ee60,AIL_set_sample_type
0x30790,0x308ea,0x3f1f8,AIL_set_sample_loop_count
0x30790,0x30906,0x3f096,AIL_set_sample_playback_rate
0x30790,0x3091e,0x3eee2,AIL_start_sample
0x30790,0x30940,0x3f10c,AIL_set_sample_volume
0x30a30,0x30a5e,0x56588,<not-trace-mapped>
0x30a30,0x30a63,0x432e0,<not-trace-mapped>
0x30a30,0x30a6c,0x432f7,<not-trace-mapped>
0x30a30,0x30a83,0x42ab1,<not-trace-mapped>
0x30a30,0x30a91,0x421a8,<not-trace-mapped>
0x30a30,0x30b11,0x432f7,<not-trace-mapped>
0x30a30,0x30b9d,0x432f7,<not-trace-mapped>
0x30a30,0x30be5,0x56560,<not-trace-mapped>
0x30cb0,0x30cbc,0x3d622,AIL_shutdown
0x30cb0,0x30cc1,0x56588,<not-trace-mapped>
0x30cb0,0x30cc6,0x432e0,<not-trace-mapped>
0x30cb0,0x30ccf,0x432f7,<not-trace-mapped>
0x30cb0,0x30d06,0x42ab1,<not-trace-mapped>
0x30cb0,0x30d22,0x42ab1,<not-trace-mapped>
0x30cb0,0x30d3e,0x42ab1,<not-trace-mapped>
0x30cb0,0x30d5a,0x43312,<not-trace-mapped>
0x30cb0,0x30d6e,0x42a40,<not-trace-mapped>
0x30cb0,0x30d91,0x56560,<not-trace-mapped>
0x30f80,0x30f93,0x56523,<not-trace-mapped>
0x30f80,0x31001,0x42a40,<not-trace-mapped>
0x30f80,0x3103f,0x42a40,<not-trace-mapped>
0x30f80,0x311f6,0x56523,<not-trace-mapped>
0x312b0,0x312e4,0x42ab1,<not-trace-mapped>
0x312b0,0x31313,0x42ab1,<not-trace-mapped>
0x312b0,0x31409,0x423ce,<not-trace-mapped>
0x312b0,0x31457,0x4262e,<not-trace-mapped>
0x314f0,0x31657,0x42a40,<not-trace-mapped>
0x31690,0x316b7,0x429fd,<not-trace-mapped>
0x31690,0x316d4,0x429ea,<not-trace-mapped>
0x31690,0x316f1,0x429fd,<not-trace-mapped>
0x31690,0x3170e,0x429ea,<not-trace-mapped>
0x31930,0x3199e,0x5652e,<not-trace-mapped>
0x31930,0x31b6d,0x5664b,<not-trace-mapped>
0x31930,0x31c0a,0x42a28,<not-trace-mapped>
0x31930,0x31c27,0x42a28,<not-trace-mapped>
0x31930,0x31c44,0x42a28,<not-trace-mapped>
0x31930,0x31c61,0x42a28,<not-trace-mapped>
0x31cd0,0x31e51,0x5664b,<not-trace-mapped>
0x31cd0,0x31fe5,0x5664b,<not-trace-mapped>
0x31cd0,0x3206b,0x5664b,<not-trace-mapped>
0x329b0,0x32d38,0x42a40,<not-trace-mapped>
0x32fa0,0x3307a,0x5664b,<not-trace-mapped>
0x32fa0,0x33098,0x5664b,<not-trace-mapped>
0x33440,0x33774,0x5664b,<not-trace-mapped>
0x33440,0x3379f,0x5664b,<not-trace-mapped>
0x34980,0x349c4,0x423ce,<not-trace-mapped>
0x34980,0x349e0,0x4247d,<not-trace-mapped>
0x34980,0x349ec,0x4262e,<not-trace-mapped>
0x34980,0x34a00,0x423ce,<not-trace-mapped>
0x34980,0x34a1c,0x4247d,<not-trace-mapped>
0x34980,0x34a28,0x4262e,<not-trace-mapped>
0x34980,0x34a9e,0x42ab1,<not-trace-mapped>
0x34980,0x34ae1,0x42ab1,<not-trace-mapped>
0x34980,0x34b66,0x42a40,<not-trace-mapped>
0x34980,0x34c00,0x42a40,<not-trace-mapped>
0x34980,0x34cbd,0x42a40,<not-trace-mapped>
0x34980,0x34db0,0x42a40,<not-trace-mapped>
0x34980,0x34eb6,0x42a40,<not-trace-mapped>
0x34980,0x34fb2,0x423ce,<not-trace-mapped>
0x34980,0x34fce,0x4247d,<not-trace-mapped>
0x34980,0x34fda,0x4262e,<not-trace-mapped>
0x34980,0x34fee,0x423ce,<not-trace-mapped>
0x34980,0x3500a,0x4247d,<not-trace-mapped>
0x34980,0x35016,0x4262e,<not-trace-mapped>
0x35030,0x3533a,0x5664b,<not-trace-mapped>
0x361d0,0x361f2,0x42ed0,<not-trace-mapped>
0x361d0,0x36345,0x42a40,<not-trace-mapped>
0x361d0,0x36411,0x42a68,<not-trace-mapped>
0x361d0,0x364ef,0x56523,<not-trace-mapped>
0x361d0,0x364f4,0x5652e,<not-trace-mapped>
0x361d0,0x365ac,0x42a68,<not-trace-mapped>
0x39660,0x3967d,0x423ce,<not-trace-mapped>
0x39660,0x39696,0x42bf6,<not-trace-mapped>
0x39660,0x396aa,0x4247d,<not-trace-mapped>
0x39660,0x396b6,0x4262e,<not-trace-mapped>
0x39700,0x39744,0x4332c,<not-trace-mapped>
0x39700,0x39750,0x43363,<not-trace-mapped>
0x39700,0x3975d,0x42d50,<not-trace-mapped>
0x39790,0x397d4,0x4332c,<not-trace-mapped>
0x39790,0x397e0,0x43363,<not-trace-mapped>
0x39790,0x397ed,0x42d50,<not-trace-mapped>
0x39820,0x3983d,0x423ce,<not-trace-mapped>
0x39820,0x3985a,0x42bf6,<not-trace-mapped>
0x39820,0x3986e,0x4247d,<not-trace-mapped>
0x39820,0x3987e,0x42bf6,<not-trace-mapped>
0x39820,0x39892,0x4247d,<not-trace-mapped>
0x39820,0x398bb,0x42a40,<not-trace-mapped>
0x39820,0x398cf,0x42b42,<not-trace-mapped>
0x39820,0x398e3,0x4332c,<not-trace-mapped>
0x39820,0x398f6,0x42bf6,<not-trace-mapped>
0x39820,0x39910,0x4247d,<not-trace-mapped>
0x39820,0x39922,0x4262e,<not-trace-mapped>
0x39940,0x3997d,0x4332c,<not-trace-mapped>
0x39940,0x3998f,0x423ce,<not-trace-mapped>
0x39940,0x399dd,0x42bf6,<not-trace-mapped>
0x39940,0x399f3,0x4247d,<not-trace-mapped>
0x39940,0x39a0b,0x42b5b,<not-trace-mapped>
0x39940,0x39a17,0x4262e,<not-trace-mapped>
0x39940,0x39a2b,0x42b5b,<not-trace-mapped>
0x39940,0x39a3f,0x42b5b,<not-trace-mapped>
0x39a60,0x39acf,0x43363,<not-trace-mapped>
0x39a60,0x39adc,0x42d50,<not-trace-mapped>
0x39be0,0x39cd2,0x423ce,<not-trace-mapped>
0x39be0,0x39d20,0x4262e,<not-trace-mapped>
0x39be0,0x39d3f,0x56523,<not-trace-mapped>
0x39be0,0x39d44,0x5652e,<not-trace-mapped>
0x39be0,0x39d72,0x42a40,<not-trace-mapped>
0x39be0,0x39faf,0x5664b,<not-trace-mapped>
0x39be0,0x3a018,0x56523,<not-trace-mapped>
0x3b84e,0x3b853,0x4338a,<not-trace-mapped>
0x3b84e,0x3b861,0x42a40,<not-trace-mapped>
0x3b84e,0x3b88c,0x433c7,<not-trace-mapped>
0x3b84e,0x3b8c3,0x433c7,<not-trace-mapped>
0x3b8ed,0x3b8f2,0x4338a,<not-trace-mapped>
0x3b8ed,0x3b900,0x42a40,<not-trace-mapped>
0x3b8ed,0x3b911,0x42a40,<not-trace-mapped>
0x3b8ed,0x3b990,0x433c7,<not-trace-mapped>
0x3b8ed,0x3b9a6,0x42b5b,<not-trace-mapped>
0x3b9af,0x3b9b4,0x4338a,<not-trace-mapped>
0x3b9e8,0x3b9ed,0x4338a,<not-trace-mapped>
0x3bd15,0x3bd1a,0x4338a,<not-trace-mapped>
0x3bd15,0x3bd5d,0x42a40,<not-trace-mapped>
0x3bd15,0x3bd77,0x4332c,<not-trace-mapped>
0x3bd15,0x3bd8c,0x4332c,<not-trace-mapped>
0x3bd15,0x3bda1,0x4332c,<not-trace-mapped>
0x3bd15,0x3bdbb,0x4332c,<not-trace-mapped>
0x3bd15,0x3bdd0,0x4332c,<not-trace-mapped>
0x3bd15,0x3bde4,0x4332c,<not-trace-mapped>
0x3be38,0x3be3d,0x4338a,<not-trace-mapped>
0x3be38,0x3be91,0x4332c,<not-trace-mapped>
0x3be38,0x3bea6,0x4332c,<not-trace-mapped>
0x3be38,0x3bec0,0x4332c,<not-trace-mapped>
0x3be38,0x3bed5,0x4332c,<not-trace-mapped>
0x3bf11,0x3bf16,0x4338a,<not-trace-mapped>
0x3c0bf,0x3c0c4,0x4338a,<not-trace-mapped>
0x3c0bf,0x3c110,0x4332c,<not-trace-mapped>
0x3c0bf,0x3c125,0x4332c,<not-trace-mapped>
0x3c0bf,0x3c13f,0x4332c,<not-trace-mapped>
0x3c0bf,0x3c154,0x4332c,<not-trace-mapped>
0x3c1c2,0x3c1c7,0x4338a,<not-trace-mapped>
0x3c1c2,0x3c203,0x4332c,<not-trace-mapped>
0x3c1c2,0x3bc1b,0x4332c,<not-trace-mapped>
0x3c217,0x3c21c,0x4338a,<not-trace-mapped>
0x3c217,0x3c23f,0x4332c,<not-trace-mapped>
0x3c217,0x3c259,0x4332c,<not-trace-mapped>
0x3c28c,0x3c291,0x4338a,<not-trace-mapped>
0x3c28c,0x3c2d1,0x4332c,<not-trace-mapped>
0x3c28c,0x3c2e6,0x4332c,<not-trace-mapped>
0x3c28c,0x3c300,0x4332c,<not-trace-mapped>
0x3c316,0x3c31b,0x4338a,<not-trace-mapped>
0x3c316,0x3c369,0x4332c,<not-trace-mapped>
0x3c316,0x3c37d,0x4332c,<not-trace-mapped>
0x3c316,0x3c397,0x4332c,<not-trace-mapped>
0x3c3a6,0x3c3ab,0x4338a,<not-trace-mapped>
0x3c3a6,0x3c3d3,0x42fd8,<not-trace-mapped>
0x3c458,0x3c45d,0x4338a,<not-trace-mapped>
0x3c573,0x3c578,0x4338a,<not-trace-mapped>
0x3c5cb,0x3c5d0,0x4338a,<not-trace-mapped>
0x3c6f4,0x3c717,0x4332c,<not-trace-mapped>
0x3c6f4,0x3c726,0x43404,<not-trace-mapped>
0x3c6f4,0x3c73d,0x4344f,<not-trace-mapped>
0x3c7b9,0x3c7dc,0x42fd8,<not-trace-mapped>
0x3c842,0x3c865,0x42fd8,<not-trace-mapped>
0x3c871,0x3c8c5,0x42fd8,<not-trace-mapped>
0x3c931,0x3c968,0x43568,<not-trace-mapped>
0x3c931,0x3c9cb,0x42d50,<not-trace-mapped>
0x3c931,0x3c9d8,0x437d2,<not-trace-mapped>
0x3c931,0x3ca49,0x437d2,<not-trace-mapped>
0x3ca68,0x3caa1,0x43568,<not-trace-mapped>
0x3ca68,0x3caed,0x437d2,<not-trace-mapped>
0x3ca68,0x3cb07,0x42a40,<not-trace-mapped>
0x3ca68,0x3cb63,0x42d50,<not-trace-mapped>
0x3ca68,0x3cece,0x437d2,<not-trace-mapped>
0x3ceed,0x3cf00,0x43568,<not-trace-mapped>
0x3ceed,0x3cf1c,0x437e0,<not-trace-mapped>
0x3ceed,0x3cf36,0x437d2,<not-trace-mapped>
0x3cf42,0x3cfa1,0x43568,<not-trace-mapped>
0x3cf42,0x3cfbf,0x4344f,<not-trace-mapped>
0x3cf42,0x3cfe2,0x437d2,<not-trace-mapped>
0x3d0e0,0x3d0e0,0x43a20,<not-trace-mapped>
0x3d0f3,0x3d177,0x43a5c,<not-trace-mapped>
0x3d0f3,0x3d1a3,0x44040,<not-trace-mapped>
0x3d0f3,0x3d1b0,0x44211,<not-trace-mapped>
0x3d1f6,0x3d228,0x43b04,<not-trace-mapped>
0x3d27a,0x3d27a,0x44214,<not-trace-mapped>
0x3d27f,0x3d27f,0x44399,<not-trace-mapped>
0x3d3e6,0x3d3ed,0x444fc,<not-trace-mapped>
0x3d3e6,0x3d40d,0x44509,<not-trace-mapped>
0x3d3e6,0x3d42f,0x44ef3,<not-trace-mapped>
0x3d3e6,0x3d449,0x44ef3,<not-trace-mapped>
0x3d3e6,0x3d46a,0x44ef3,<not-trace-mapped>
