name,func_ea,caller_ea,caller_func,in_ail_region
AIL_startup,0x3d488,0x3027c,0x30270,OUT
AIL_shutdown,0x3d622,0x3033c,0x30330,OUT
AIL_shutdown,0x3d622,0x30cbc,0x30cb0,OUT
AIL_set_preference,0x3d6ba,0x4576f,0x45763,OUT
AIL_set_preference,0x3d6ba,0x4577b,0x45763,OUT
AIL_set_preference,0x3d6ba,0x4578a,0x45763,OUT
AIL_set_preference,0x3d6ba,0x45796,0x45763,OUT
AIL_set_preference,0x3d6ba,0x457a2,0x45763,OUT
AIL_set_preference,0x3d6ba,0x457ae,0x45763,OUT
AIL_set_preference,0x3d6ba,0x457bd,0x45763,OUT
AIL_set_preference,0x3d6ba,0x457c9,0x45763,OUT
AIL_set_preference,0x3d6ba,0x457d5,0x45763,OUT
AIL_set_preference,0x3d6ba,0x457e1,0x45763,OUT
AIL_set_preference,0x3d6ba,0x457ed,0x45763,OUT
AIL_set_preference,0x3d6ba,0x457f9,0x45763,OUT
AIL_set_preference,0x3d6ba,0x45805,0x45763,OUT
AIL_set_preference,0x3d6ba,0x45811,0x45763,OUT
AIL_set_preference,0x3d6ba,0x4581d,0x45763,OUT
AIL_set_preference,0x3d6ba,0x45829,0x45763,OUT
AIL_set_preference,0x3d6ba,0x45835,0x45763,OUT
AIL_set_preference,0x3d6ba,0x45841,0x45763,OUT
AIL_get_real_vect,0x3d7be,0x45575,0x4540a,OUT
AIL_set_real_vect,0x3d8a9,0x45595,0x4540a,OUT
AIL_set_real_vect,0x3d8a9,0x45601,0x4540a,OUT
AIL_set_real_vect,0x3d8a9,0x456a4,0x4564a,OUT
AIL_restore_USE16_ISR,0x3d9ac,0x45681,0x4564a,OUT
AIL_restore_USE16_ISR,0x3d9ac,0x46b3c,0x46760,OUT
AIL_restore_USE16_ISR,0x3d9ac,0x46bd0,0x46760,OUT
AIL_restore_USE16_ISR,0x3d9ac,0x46c94,0x46760,OUT
AIL_call_driver,0x3da33,0x45025,0x44ff8,OUT
AIL_call_driver,0x3da33,0x455b5,0x4540a,OUT
AIL_call_driver,0x3da33,0x45693,0x4564a,OUT
AIL_call_driver,0x3da33,0x45737,0x456ed,OUT
AIL_call_driver,0x3da33,0x45c6f,0x45c40,OUT
AIL_call_driver,0x3da33,0x45ca7,0x45c40,OUT
AIL_call_driver,0x3da33,0x46090,0x45f40,OUT
AIL_call_driver,0x3da33,0x460d4,0x45f40,OUT
AIL_call_driver,0x3da33,0x46193,0x46130,OUT
AIL_call_driver,0x3da33,0x46592,0x46130,OUT
AIL_call_driver,0x3da33,0x4669a,0x465b0,OUT
AIL_call_driver,0x3da33,0x466cc,0x466b0,OUT
AIL_call_driver,0x3da33,0x467dd,0x46760,OUT
AIL_call_driver,0x3da33,0x46acd,0x46760,OUT
AIL_call_driver,0x3da33,0x46b51,0x46760,OUT
AIL_call_driver,0x3da33,0x46be5,0x46760,OUT
AIL_call_driver,0x3da33,0x46ca9,0x46760,OUT
AIL_call_driver,0x3da33,0x471c3,0x47160,OUT
AIL_call_driver,0x3da33,0x47430,0x473c0,OUT
AIL_call_driver,0x3da33,0x47d2c,0x47d00,OUT
AIL_call_driver,0x3da33,0x47de4,0x47d50,OUT
AIL_call_driver,0x3da33,0x47e9e,0x47e70,OUT
AIL_call_driver,0x3da33,0x47f12,0x47e70,OUT
AIL_call_driver,0x3da33,0x488ec,0x48860,OUT
AIL_call_driver,0x3da33,0x489bd,0x48930,OUT
AIL_call_driver,0x3da33,0x493f6,0x48d00,OUT
AIL_call_driver,0x3da33,0x494ef,0x49430,OUT
AIL_call_driver,0x3da33,0x495df,0x49560,OUT
AIL_call_driver,0x3da33,0x49875,0x49560,OUT
AIL_call_driver,0x3da33,0x49897,0x49560,OUT
AIL_call_driver,0x3da33,0x498c6,0x49560,OUT
AIL_call_driver,0x3da33,0x4992a,0x49560,OUT
AIL_call_driver,0x3da33,0x49a2a,0x49560,OUT
AIL_call_driver,0x3da33,0x49b9f,0x49560,OUT
AIL_call_driver,0x3da33,0x4a16e,0x49e60,OUT
AIL_call_driver,0x3da33,0x4a1ba,0x49e60,OUT
AIL_call_driver,0x3da33,0x4a558,0x4a530,OUT
AIL_call_driver,0x3da33,0x4a5e3,0x4a570,OUT
AIL_call_driver,0x3da33,0x4a626,0x4a570,OUT
AIL_call_driver,0x3da33,0x4a6a2,0x4a670,OUT
AIL_call_driver,0x3da33,0x4a6df,0x4a6b0,OUT
AIL_call_driver,0x3da33,0x4ad35,0x4acb0,OUT
AIL_delay,0x3db3b,0x466fc,0x466b0,OUT
AIL_delay,0x3db3b,0x48917,0x48860,OUT
AIL_delay,0x3db3b,0x49bc4,0x49560,OUT
AIL_API_read_INI,0x3dbad,0x46e42,0x46e30,OUT
AIL_API_read_INI,0x3dbad,0x49ce2,0x49cd0,OUT
AIL_register_timer,0x3df06,0x30552,0x30540,OUT
AIL_register_timer,0x3df06,0x455d5,0x4540a,OUT
AIL_register_timer,0x3df06,0x46c60,0x46760,OUT
AIL_register_timer,0x3df06,0x499fa,0x49560,OUT
AIL_set_timer_user,0x3dff1,0x4561c,0x4540a,OUT
AIL_set_timer_user,0x3dff1,0x46d0c,0x46760,OUT
AIL_set_timer_user,0x3dff1,0x49a69,0x49560,OUT
AIL_set_timer_period,0x3e0e4,0x447d8,0x44704,OUT
AIL_set_timer_period,0x3e0e4,0x44e6e,0x44e50,OUT
AIL_set_timer_period,0x3e0e4,0x44eb0,0x44e80,OUT
AIL_set_timer_frequency,0x3e15a,0x30580,0x30540,OUT
AIL_set_timer_frequency,0x3e15a,0x45630,0x4540a,OUT
AIL_set_timer_frequency,0x3e15a,0x46d1f,0x46760,OUT
AIL_set_timer_frequency,0x3e15a,0x49be5,0x49560,OUT
AIL_set_timer_divisor,0x3e15a,0x30580,0x30540,OUT
AIL_set_timer_divisor,0x3e15a,0x45630,0x4540a,OUT
AIL_set_timer_divisor,0x3e15a,0x46d1f,0x46760,OUT
AIL_set_timer_divisor,0x3e15a,0x49be5,0x49560,OUT
AIL_start_timer,0x3e323,0x3058e,0x30540,OUT
AIL_start_timer,0x3e323,0x44db6,0x44da8,OUT
AIL_start_timer,0x3e323,0x4563c,0x4540a,OUT
AIL_start_timer,0x3e323,0x46d2b,0x46760,OUT
AIL_start_timer,0x3e323,0x49bf1,0x49560,OUT
AIL_start_all_timers,0x3e323,0x3058e,0x30540,OUT
AIL_start_all_timers,0x3e323,0x44db6,0x44da8,OUT
AIL_start_all_timers,0x3e323,0x4563c,0x4540a,OUT
AIL_start_all_timers,0x3e323,0x46d2b,0x46760,OUT
AIL_start_all_timers,0x3e323,0x49bf1,0x49560,OUT
AIL_stop_timer,0x3e3f2,0x44e0a,0x44dfc,OUT
AIL_stop_all_timers,0x3e3f2,0x44e0a,0x44dfc,OUT
AIL_release_timer_handle,0x3e4c1,0x44d62,0x44d54,OUT
AIL_release_timer_handle,0x3e4c1,0x4566a,0x4564a,OUT
AIL_release_timer_handle,0x3e4c1,0x46708,0x466b0,OUT
AIL_release_timer_handle,0x3e4c1,0x49532,0x49500,OUT
AIL_release_all_timers,0x3e52e,0x4588a,0x45869,OUT
AIL_get_IO_environment,0x3e590,0x4689b,0x46760,OUT
AIL_get_IO_environment,0x3e590,0x4973b,0x49560,OUT
AIL_install_driver,0x3e675,0x46da9,0x46d70,OUT
AIL_install_driver,0x3e675,0x46dfc,0x46df0,OUT
AIL_install_driver,0x3e675,0x49c49,0x49c10,OUT
AIL_install_driver,0x3e675,0x49c9c,0x49c90,OUT
AIL_uninstall_driver,0x3e768,0x4587d,0x45869,OUT
AIL_uninstall_driver,0x3e768,0x46ddb,0x46d70,OUT
AIL_uninstall_driver,0x3e768,0x46e1f,0x46df0,OUT
AIL_uninstall_driver,0x3e768,0x46e97,0x46e90,OUT
AIL_uninstall_driver,0x3e768,0x49c7b,0x49c10,OUT
AIL_uninstall_driver,0x3e768,0x49cbf,0x49c90,OUT
AIL_uninstall_driver,0x3e768,0x49d37,0x49d30,OUT
AIL_install_DIG_INI,0x3e7d5,0x302c3,0x30270,OUT
AIL_install_DIG_driver_file,0x3e8c0,0x46e72,0x46e30,OUT
AIL_uninstall_DIG_driver,0x3e8c0,0x46e72,0x46e30,OUT
AIL_allocate_sample_handle,0x3ea1a,0x302fa,0x30270,OUT
AIL_allocate_sample_handle,0x3ea1a,0x479bb,0x47959,OUT
AIL_allocate_sample_handle,0x3ea1a,0x4b982,0x4b891,OUT
AIL_release_sample_handle,0x3ebfe,0x475b8,0x47596,OUT
AIL_release_sample_handle,0x3ebfe,0x4ba1e,0x4ba09,OUT
AIL_init_sample,0x3ec6b,0x14418,0x142d0,OUT
AIL_init_sample,0x3ec6b,0x30440,0x303c0,OUT
AIL_init_sample,0x3ec6b,0x30890,0x30790,OUT
AIL_init_sample,0x3ec6b,0x46f2a,0x46ed0,OUT
AIL_init_sample,0x3ec6b,0x479d0,0x47959,OUT
AIL_init_sample,0x3ec6b,0x4b7bb,0x4b490,OUT
AIL_set_sample_address,0x3edde,0x1443d,0x142d0,OUT
AIL_set_sample_address,0x3edde,0x30460,0x303c0,OUT
AIL_set_sample_address,0x3edde,0x308b0,0x30790,OUT
AIL_set_sample_address,0x3edde,0x4764e,0x475f4,OUT
AIL_set_sample_address,0x3edde,0x4778d,0x475f4,OUT
AIL_set_sample_address,0x3edde,0x477b6,0x475f4,OUT
AIL_set_sample_address,0x3edde,0x4794e,0x47871,OUT
AIL_set_sample_address,0x3edde,0x4b800,0x4b490,OUT
AIL_set_sample_type,0x3ee60,0x1445b,0x142d0,OUT
AIL_set_sample_type,0x3ee60,0x308ce,0x30790,OUT
AIL_set_sample_type,0x3ee60,0x4767a,0x475f4,OUT
AIL_set_sample_type,0x3ee60,0x47724,0x475f4,OUT
AIL_set_sample_type,0x3ee60,0x47745,0x475f4,OUT
AIL_set_sample_type,0x3ee60,0x4782b,0x475f4,OUT
AIL_set_sample_type,0x3ee60,0x47903,0x47871,OUT
AIL_set_sample_type,0x3ee60,0x4b7dc,0x4b490,OUT
AIL_start_sample,0x3eee2,0x144b2,0x142d0,OUT
AIL_start_sample,0x3eee2,0x304b2,0x303c0,OUT
AIL_start_sample,0x3eee2,0x3091e,0x30790,OUT
AIL_start_sample,0x3eee2,0x4768e,0x475f4,OUT
AIL_start_sample,0x3eee2,0x4783b,0x475f4,OUT
AIL_start_sample,0x3eee2,0x4b824,0x4b490,OUT
AIL_stop_sample,0x3ef4f,0x30372,0x30350,OUT
AIL_stop_sample,0x3ef4f,0x303a3,0x30350,OUT
AIL_resume_sample,0x3ef4f,0x30372,0x30350,OUT
AIL_resume_sample,0x3ef4f,0x303a3,0x30350,OUT
AIL_end_sample,0x3f029,0x4b63a,0x4b490,OUT
AIL_end_sample,0x3f029,0x4b745,0x4b490,OUT
AIL_end_sample,0x3f029,0x4b878,0x4b490,OUT
AIL_set_sample_playback_rate,0x3f096,0x1449a,0x142d0,OUT
AIL_set_sample_playback_rate,0x3f096,0x3049a,0x303c0,OUT
AIL_set_sample_playback_rate,0x3f096,0x30906,0x30790,OUT
AIL_set_sample_playback_rate,0x3f096,0x4766d,0x475f4,OUT
AIL_set_sample_playback_rate,0x3f096,0x47765,0x475f4,OUT
AIL_set_sample_playback_rate,0x3f096,0x477c3,0x475f4,OUT
AIL_set_sample_playback_rate,0x3f096,0x47910,0x47871,OUT
AIL_set_sample_playback_rate,0x3f096,0x4b455,0x4b360,OUT
AIL_set_sample_volume,0x3f10c,0x30940,0x30790,OUT
AIL_set_sample_volume,0x3f10c,0x4b33d,0x4b2f0,OUT
AIL_set_sample_pan,0x3f182,0x4b353,0x4b2f0,OUT
AIL_set_sample_loop_count,0x3f1f8,0x14475,0x142d0,OUT
AIL_set_sample_loop_count,0x3f1f8,0x3047c,0x303c0,OUT
AIL_set_sample_loop_count,0x3f1f8,0x308ea,0x30790,OUT
AIL_sample_status,0x3f26e,0x14349,0x142d0,OUT
AIL_sample_status,0x3f26e,0x30411,0x303c0,OUT
AIL_sample_status,0x3f26e,0x304ec,0x304d0,OUT
AIL_sample_status,0x3f26e,0x307e1,0x30790,OUT
AIL_sample_status,0x3f26e,0x4b5a0,0x4b490,OUT
AIL_sample_status,0x3f26e,0x4b5e3,0x4b490,OUT
AIL_sample_status,0x3f26e,0x4b626,0x4b490,OUT
AIL_sample_status,0x3f26e,0x4b691,0x4b490,OUT
AIL_sample_status,0x3f26e,0x4b6f6,0x4b490,OUT
AIL_sample_status,0x3f26e,0x4b864,0x4b490,OUT
AIL_register_EOS_callback,0x3fd8e,0x47a2a,0x47959,OUT
AIL_register_EOS_callback,0x3fd8e,0x47a48,0x47959,OUT
AIL_install_MDI_INI,0x401bc,0x30296,0x30270,OUT
AIL_install_MDI_driver_file,0x40293,0x49d12,0x49cd0,OUT
AIL_uninstall_MDI_driver,0x40293,0x49d12,0x49cd0,OUT
AIL_allocate_sequence_handle,0x403ed,0x302b6,0x30270,OUT
AIL_release_sequence_handle,0x403ed,0x302b6,0x30270,OUT
AIL_stop_sequence,0x406a5,0x48f26,0x48d00,OUT
AIL_stop_sequence,0x406a5,0x491f0,0x48d00,OUT
AIL_stop_sequence,0x406a5,0x49e4a,0x49e40,OUT
AIL_stop_sequence,0x406a5,0x4a220,0x4a210,OUT
AIL_stop_sequence,0x406a5,0x4a3c0,0x4a3b0,OUT
AIL_resume_sequence,0x406a5,0x48f26,0x48d00,OUT
AIL_resume_sequence,0x406a5,0x491f0,0x48d00,OUT
AIL_resume_sequence,0x406a5,0x49e4a,0x49e40,OUT
AIL_resume_sequence,0x406a5,0x4a220,0x4a210,OUT
AIL_resume_sequence,0x406a5,0x4a3c0,0x4a3b0,OUT
AIL_end_sequence,0x4077f,0x49519,0x49500,OUT
AIL_branch_index,0x41529,0x48727,0x48410,OUT
AIL_register_event_callback,0x41866,0x4b8e8,0x4b891,OUT
AIL_register_event_callback,0x41866,0x4ba36,0x4ba09,OUT
AIL_register_timbre_callback,0x41953,0x4b8fd,0x4b891,OUT
AIL_register_timbre_callback,0x41953,0x4ba45,0x4ba09,OUT
AIL_lock_channel,0x41c25,0x48776,0x48410,OUT
AIL_lock_channel,0x41c25,0x4a35d,0x4a320,OUT
AIL_release_channel,0x41d0a,0x487cb,0x48410,OUT
AIL_release_channel,0x41d0a,0x4a2eb,0x4a250,OUT
AIL_map_sequence_channel,0x41d80,0x4878b,0x48410,OUT
AIL_map_sequence_channel,0x41d80,0x487d6,0x48410,OUT
