addr,ida_name,trace_names,code_refs,ref_kind
0x3d488,sub_3D488,AIL_startup,1,call
0x3d61b,sub_3D488,-,1,jmp
0x3d622,sub_3D622,AIL_shutdown,2,call
0x3d662,sub_3D622,-,1,jmp
0x3d6b2,sub_3D622,-,1,jmp
0x3d6ba,sub_3D6BA,AIL_set_preference,18,call
0x3d6fc,sub_3D6BA,-,1,jmp
0x3d779,sub_3D6BA,-,1,jmp
0x3d79a,sub_3D6BA,-,1,jmp
0x3d7a2,sub_3D6BA,-,4,jmp
0x3d7a8,sub_3D6BA,-,2,jmp
0x3d7b4,sub_3D7B4,-,15,call
0x3d7b9,sub_3D7B9,-,17,call
0x3d7be,sub_3D7BE,AIL_get_real_vect,1,call
0x3d800,sub_3D7BE,-,1,jmp
0x3d875,sub_3D7BE,-,1,jmp
0x3d896,sub_3D7BE,-,1,jmp
0x3d89e,sub_3D7BE,-,3,jmp
0x3d8a9,sub_3D8A9,AIL_set_real_vect,3,call
0x3d8ea,sub_3D8A9,-,1,jmp
0x3d91a,sub_3D8A9,-,8,jmp
0x3d922,sub_3D922,AIL_set_USE16_ISR,0,-
0x3d964,sub_3D922,-,1,jmp
0x3d99f,sub_3EDDE,-,9,jmp
0x3d9a2,sub_3EDDE,-,2,jmp
0x3d9ac,sub_3D9AC,AIL_restore_USE16_ISR,4,call
0x3d9ed,sub_3D9AC,-,1,jmp
0x3da14,sub_3D9AC,-,12,jmp
0x3da17,sub_3D9AC,-,1,jmp
0x3da20,sub_3DA20,-,2,call
0x3da25,sub_3DA25,-,4,call
0x3da33,sub_3DA33,AIL_call_driver,41,call
0x3da75,sub_3DA33,-,1,jmp
0x3db08,sub_3DA33,-,1,jmp
0x3db28,sub_3DA33,-,1,jmp
0x3db3b,sub_3DB3B,AIL_delay,3,call
0x3db7c,sub_3DB3B,-,1,jmp
0x3dba8,sub_3DBA8,-,2,call
0x3dbad,sub_3DBAD,AIL_API_read_INI,2,call
0x3dbf3,sub_3DBAD,-,1,jmp
0x3dc71,sub_3DBAD,-,1,jmp
0x3dc91,sub_3DBAD,-,1,jmp
0x3dccd,sub_3DBAD,-,1,jmp
0x3dced,sub_3DBAD,-,1,jmp
0x3dd23,sub_3DBAD,-,1,jmp
0x3dd43,sub_3DBAD,-,1,jmp
0x3dd80,sub_3DBAD,-,1,jmp
0x3dda0,sub_3DBAD,-,1,jmp
0x3dddd,sub_3DBAD,-,1,jmp
0x3ddfd,sub_3DBAD,-,1,jmp
0x3de3a,sub_3DBAD,-,1,jmp
0x3de5b,sub_3DBAD,-,1,jmp
0x3debd,sub_3DBAD,-,1,jmp
0x3dedd,sub_3DBAD,-,1,jmp
0x3def2,sub_3DBAD,-,1,jmp
0x3df06,sub_3DF06,AIL_register_timer,4,call
0x3df48,sub_3DF06,-,1,jmp
0x3dfbd,sub_3DF06,-,1,jmp
0x3dfde,sub_3DF06,-,1,jmp
0x3dfe6,sub_3DF06,-,3,jmp
0x3dff1,sub_3DFF1,AIL_set_timer_user,3,call
0x3e033,sub_3DFF1,-,1,jmp
0x3e0b0,sub_3DFF1,-,1,jmp
0x3e0d1,sub_3DFF1,-,1,jmp
0x3e0e4,sub_3E0E4,AIL_set_timer_period,3,call
0x3e125,sub_3E0E4,-,1,jmp
0x3e15a,sub_3E15A,AIL_set_timer_divisor;AIL_set_timer_frequency,4,call
0x3e19b,sub_3E15A,-,1,jmp
0x3e246,sub_3E246,AIL_interrupt_divisor,0,-
0x3e288,sub_3E246,-,1,jmp
0x3e2f0,sub_3E246,-,1,jmp
0x3e310,sub_3E246,-,1,jmp
0x3e323,sub_3E323,AIL_start_all_timers;AIL_start_timer,5,call
0x3e364,sub_3E323,-,1,jmp
0x3e3f2,sub_3E3F2,AIL_stop_all_timers;AIL_stop_timer,1,call
0x3e433,sub_3E3F2,-,1,jmp
0x3e4c1,sub_3E4C1,AIL_release_timer_handle,4,call
0x3e502,sub_3E4C1,-,1,jmp
0x3e52e,sub_3E52E,AIL_release_all_timers,1,call
0x3e56e,sub_3E52E,-,1,jmp
0x3e590,sub_3E590,AIL_get_IO_environment,2,call
0x3e5d2,sub_3E590,-,1,jmp
0x3e647,sub_3E590,-,1,jmp
0x3e668,sub_3E590,-,1,jmp
0x3e675,sub_3E675,AIL_install_driver,4,call
0x3e6b7,sub_3E675,-,1,jmp
0x3e734,sub_3E675,-,1,jmp
0x3e755,sub_3E675,-,1,jmp
0x3e75d,sub_3E675,-,11,jmp
0x3e768,sub_3E768,AIL_uninstall_driver,7,call
0x3e7a9,sub_3E768,-,1,jmp
0x3e7d5,sub_3E7D5,AIL_install_DIG_INI,1,call
0x3e817,sub_3E7D5,-,1,jmp
0x3e877,sub_3E7D5,-,1,jmp
0x3e897,sub_3E7D5,-,1,jmp
0x3e89f,sub_3E7D5,-,2,jmp
0x3e8a5,sub_3E7D5,-,2,jmp
0x3e8ac,sub_3E7D5,-,4,jmp
0x3e8c0,sub_3E8C0,AIL_install_DIG_driver_file;AIL_uninstall_DIG_driver,1,call
0x3e902,sub_3E8C0,-,1,jmp
0x3e97f,sub_3E8C0,-,1,jmp
0x3e9a0,sub_3E8C0,-,1,jmp
0x3ea1a,sub_3EA1A,AIL_allocate_sample_handle,3,call
0x3ea5c,sub_3EA1A,-,1,jmp
0x3ead1,sub_3EA1A,-,1,jmp
0x3eaf2,sub_3EA1A,-,1,jmp
0x3eaff,sub_3EAFF,AIL_allocate_file_sample,0,-
0x3eb41,sub_3EAFF,-,1,jmp
0x3ebca,sub_3EAFF,-,1,jmp
0x3ebeb,sub_3EAFF,-,1,jmp
0x3ebf3,sub_3EAFF,-,2,jmp
0x3ebfe,sub_3EBFE,AIL_release_sample_handle,2,call
0x3ec3f,sub_3EBFE,-,1,jmp
0x3ec6b,sub_3EC6B,AIL_init_sample,6,call
0x3ecac,sub_3EC6B,-,1,jmp
0x3ecd8,sub_3ECD8,AIL_set_sample_file,0,-
0x3ed1a,sub_3ECD8,-,1,jmp
0x3eda3,sub_3ECD8,-,1,jmp
0x3edc4,sub_3ECD8,-,1,jmp
0x3edcc,sub_3ECD8,-,5,jmp
0x3edd2,sub_3EAFF,-,1,jmp
0x3edde,sub_3EDDE,AIL_set_sample_address,8,call
0x3ee20,sub_3EDDE,-,1,jmp
0x3ee60,sub_3EE60,AIL_set_sample_type,8,call
0x3eea2,sub_3EE60,-,1,jmp
0x3eee2,sub_3EEE2,AIL_start_sample,6,call
0x3ef23,sub_3EEE2,-,1,jmp
0x3ef4f,sub_3EF4F,AIL_resume_sample;AIL_stop_sample,2,call
0x3ef90,sub_3EF4F,-,1,jmp
0x3f029,sub_3F029,AIL_end_sample,3,call
0x3f06a,sub_3F029,-,1,jmp
0x3f096,sub_3F096,AIL_set_sample_playback_rate,8,call
0x3f0d7,sub_3F096,-,1,jmp
0x3f10c,sub_3F10C,AIL_set_sample_volume,2,call
0x3f14d,sub_3F10C,-,1,jmp
0x3f182,sub_3F182,AIL_set_sample_pan,1,call
0x3f1c3,sub_3F182,-,1,jmp
0x3f1f8,sub_3F1F8,AIL_set_sample_loop_count,3,call
0x3f239,sub_3F1F8,-,1,jmp
0x3f26e,sub_3F26E,AIL_sample_status,10,call
0x3f2b0,sub_3F26E,-,1,jmp
0x3f325,sub_3F26E,-,1,jmp
0x3f346,sub_3F26E,-,1,jmp
0x3f353,sub_3F353,AIL_sample_playback_rate,0,-
0x3f395,sub_3F353,-,1,jmp
0x3f40a,sub_3F353,-,1,jmp
0x3f42b,sub_3F353,-,1,jmp
0x3f433,sub_41C25,-,10,jmp
0x3f439,sub_3D7BE,-,2,jmp
0x3f444,sub_3F444,AIL_sample_volume,0,-
0x3f486,sub_3F444,-,1,jmp
0x3f4fb,sub_3F444,-,1,jmp
0x3f51c,sub_3F444,-,1,jmp
0x3f529,sub_3F529,AIL_sample_pan,0,-
0x3f56b,sub_3F529,-,1,jmp
0x3f5e0,sub_3F529,-,1,jmp
0x3f601,sub_3F529,-,1,jmp
0x3f60e,sub_3F60E,AIL_sample_loop_count,0,-
0x3f650,sub_3F60E,-,1,jmp
0x3f6c5,sub_3F60E,-,1,jmp
0x3f6e6,sub_3F60E,-,1,jmp
0x3f6f3,sub_3F6F3,AIL_install_DIG_driver_image,0,-
0x3f735,sub_3F6F3,-,1,jmp
0x3f7be,sub_3F6F3,-,1,jmp
0x3f7df,sub_3F6F3,-,1,jmp
0x3f7ec,sub_3F7EC,AIL_minimum_sample_buffer_size,0,-
0x3f82e,sub_3F7EC,-,1,jmp
0x3f8b7,sub_3F7EC,-,1,jmp
0x3f8d8,sub_3F7EC,-,1,jmp
0x3f8e5,sub_3F8E5,AIL_sample_buffer_ready,0,-
0x3f927,sub_3F8E5,-,1,jmp
0x3f99c,sub_3F8E5,-,1,jmp
0x3f9bd,sub_3F8E5,-,1,jmp
0x3f9ca,sub_3F9CA,AIL_load_sample_buffer;AIL_set_sample_position,0,-
0x3fa0c,sub_3F9CA,-,1,jmp
0x3fa51,sub_3F9CA,-,1,jmp
0x3facf,sub_3FACF,AIL_sample_position,0,-
0x3fb11,sub_3FACF,-,1,jmp
0x3fb86,sub_3FACF,-,1,jmp
0x3fba7,sub_3FACF,-,1,jmp
0x3fbb4,sub_3FBB4,AIL_register_SOB_callback,0,-
0x3fbf6,sub_3FBB4,-,1,jmp
0x3fc73,sub_3FBB4,-,1,jmp
0x3fc94,sub_3FBB4,-,1,jmp
0x3fca1,sub_3FCA1,AIL_register_EOB_callback,0,-
0x3fce3,sub_3FCA1,-,1,jmp
0x3fd60,sub_3FCA1,-,1,jmp
0x3fd81,sub_3FCA1,-,1,jmp
0x3fd8e,sub_3FD8E,AIL_register_EOS_callback,2,call
0x3fdd0,sub_3FD8E,-,1,jmp
0x3fe4d,sub_3FD8E,-,1,jmp
0x3fe6e,sub_3FD8E,-,1,jmp
0x3fe7b,sub_3FE7B,AIL_register_EOF_callback,0,-
0x3febd,sub_3FE7B,-,1,jmp
0x3ff3a,sub_3FE7B,-,1,jmp
0x3ff5b,sub_3FE7B,-,1,jmp
0x3ff68,sub_3FF68,AIL_set_sample_user_data,0,-
0x3ffaa,sub_3FF68,-,1,jmp
0x3ffea,sub_3FFEA,AIL_sample_user_data,0,-
0x4002c,sub_3FFEA,-,1,jmp
0x400a9,sub_3FFEA,-,1,jmp
0x400ca,sub_3FFEA,-,1,jmp
0x400d7,sub_400D7,AIL_active_sample_count,0,-
0x40119,sub_400D7,-,1,jmp
0x4018e,sub_400D7,-,1,jmp
0x401af,sub_400D7,-,1,jmp
0x401bc,sub_401BC,AIL_install_MDI_INI,1,call
0x401fe,sub_401BC,-,1,jmp
0x40266,sub_401BC,-,1,jmp
0x40286,sub_401BC,-,1,jmp
0x40293,sub_40293,AIL_install_MDI_driver_file;AIL_uninstall_MDI_driver,1,call
0x402d5,sub_40293,-,1,jmp
0x40352,sub_40293,-,1,jmp
0x40373,sub_40293,-,1,jmp
0x403ed,sub_403ED,AIL_allocate_sequence_handle;AIL_release_sequence_handle,1,call
0x4042f,sub_403ED,-,1,jmp
0x404a4,sub_403ED,-,1,jmp
0x404c5,sub_403ED,-,1,jmp
0x4053f,sub_4053F,AIL_init_sequence;AIL_start_sequence,0,-
0x40581,sub_4053F,-,1,jmp
0x4060a,sub_4053F,-,1,jmp
0x4062b,sub_4053F,-,1,jmp
0x406a5,sub_406A5,AIL_resume_sequence;AIL_stop_sequence,5,call
0x406e6,sub_406A5,-,1,jmp
0x4077f,sub_4077F,AIL_end_sequence,1,call
0x407c0,sub_4077F,-,1,jmp
0x407ec,sub_407EC,AIL_set_sequence_tempo,0,-
0x4082e,sub_407EC,-,1,jmp
0x4086e,sub_4086E,AIL_set_sequence_loop_count;AIL_set_sequence_volume,0,-
0x408b0,sub_4086E,-,1,jmp
0x40966,sub_40966,AIL_sequence_status,0,-
0x409a8,sub_40966,-,1,jmp
0x40a1d,sub_40966,-,1,jmp
0x40a3e,sub_40966,-,1,jmp
0x40a4b,sub_40A4B,AIL_sequence_tempo,0,-
0x40a8d,sub_40A4B,-,1,jmp
0x40b02,sub_40A4B,-,1,jmp
0x40b23,sub_40A4B,-,1,jmp
0x40b30,sub_40B30,AIL_sequence_volume,0,-
0x40b72,sub_40B30,-,1,jmp
0x40be7,sub_40B30,-,1,jmp
0x40c08,sub_40B30,-,1,jmp
0x40c15,sub_40C15,AIL_sequence_loop_count,0,-
0x40c57,sub_40C15,-,1,jmp
0x40ccc,sub_40C15,-,1,jmp
0x40ced,sub_40C15,-,1,jmp
0x40cfa,sub_40CFA,AIL_install_MDI_driver_image;AIL_set_GTL_filename_prefix,0,-
0x40d3c,sub_40CFA,-,1,jmp
0x40dc5,sub_40CFA,-,1,jmp
0x40de6,sub_40CFA,-,1,jmp
0x40e60,sub_40E60,AIL_timbre_status,0,-
0x40ea2,sub_40E60,-,1,jmp
0x40f2b,sub_40E60,-,1,jmp
0x40f4c,sub_40E60,-,1,jmp
0x40f59,sub_40F59,AIL_install_timbre,0,-
0x40f9b,sub_40F59,-,1,jmp
0x41024,sub_40F59,-,1,jmp
0x41045,sub_40F59,-,1,jmp
0x41052,sub_41052,AIL_protect_timbre,0,-
0x41094,sub_41052,-,1,jmp
0x410d4,sub_410D4,AIL_unprotect_timbre,0,-
0x41116,sub_410D4,-,1,jmp
0x41156,sub_41156,AIL_active_sequence_count,0,-
0x41198,sub_41156,-,1,jmp
0x4120d,sub_41156,-,1,jmp
0x4122e,sub_41156,-,1,jmp
0x4123b,sub_4123B,AIL_controller_value,0,-
0x4127d,sub_4123B,-,1,jmp
0x41306,sub_4123B,-,1,jmp
0x41327,sub_4123B,-,1,jmp
0x41334,sub_41334,AIL_channel_notes,0,-
0x41376,sub_41334,-,1,jmp
0x413f3,sub_41334,-,1,jmp
0x41414,sub_41334,-,1,jmp
0x41421,sub_41421,AIL_sequence_position,0,-
0x4146b,sub_41421,-,1,jmp
0x414e2,sub_41421,-,1,jmp
0x41503,sub_41421,-,1,jmp
0x41529,sub_41529,AIL_branch_index,1,call
0x4156a,sub_41529,-,1,jmp
0x4159f,sub_4159F,AIL_register_prefix_callback,0,-
0x415e1,sub_4159F,-,1,jmp
0x4165e,sub_4159F,-,1,jmp
0x4167f,sub_4159F,-,1,jmp
0x4168c,sub_4168C,AIL_register_trigger_callback,0,-
0x416ce,sub_4168C,-,1,jmp
0x4174b,sub_4168C,-,1,jmp
0x4176c,sub_4168C,-,1,jmp
0x41779,sub_41779,AIL_register_sequence_callback,0,-
0x417bb,sub_41779,-,1,jmp
0x41838,sub_41779,-,1,jmp
0x41859,sub_41779,-,1,jmp
0x41866,sub_41866,AIL_register_event_callback,2,call
0x418a8,sub_41866,-,1,jmp
0x41925,sub_41866,-,1,jmp
0x41946,sub_41866,-,1,jmp
0x41953,sub_41953,AIL_register_timbre_callback,2,call
0x41995,sub_41953,-,1,jmp
0x41a12,sub_41953,-,1,jmp
0x41a33,sub_41953,-,1,jmp
0x41a40,sub_41A40,AIL_set_sequence_user_data,0,-
0x41a82,sub_41A40,-,1,jmp
0x41ac2,sub_41AC2,AIL_register_ICA_array;AIL_sequence_user_data,0,-
0x41b04,sub_41AC2,-,1,jmp
0x41b81,sub_41AC2,-,1,jmp
0x41ba2,sub_41AC2,-,1,jmp
0x41c25,sub_41C25,AIL_lock_channel,2,call
0x41c67,sub_41C25,-,1,jmp
0x41cdc,sub_41C25,-,1,jmp
0x41cfd,sub_41C25,-,1,jmp
0x41d0a,sub_41D0A,AIL_release_channel,2,call
0x41d4b,sub_41D0A,-,1,jmp
0x41d80,sub_41D80,AIL_map_sequence_channel,2,call
0x41dc2,sub_41D80,-,1,jmp
0x41e02,sub_41E02,AIL_true_sequence_channel,0,-
0x41e44,sub_41E02,-,1,jmp
0x41ec1,sub_41E02,-,1,jmp
0x41ee2,sub_41E02,-,1,jmp
0x41eef,sub_41EEF,AIL_send_channel_voice_message;AIL_send_sysex_message,0,-
0x41f31,sub_41EEF,-,1,jmp
0x41ffe,sub_41FFE,AIL_create_wave_synthesizer;AIL_destroy_wave_synthesizer,0,-
