addr,size,name,zone,flags,callers_game,callers_lib,data_xrefs,str_refs
0x10010,1552,sub_10010,game,gfx_A0000,2,0,0,""
0x10620,50,sub_10620,game,,17,0,0,""
0x10652,571,sub_10652,game,,3,0,0,""
0x1088d,705,sub_1088D,game,,3,0,0,""
0x10b4e,258,sub_10B4E,game,,58,0,0,""
0x10c50,969,sub_10C50,game,,1,0,0,""
0x11019,417,sub_11019,game,,8,0,0,""
0x111ba,235,sub_111BA,game,,132,0,0,""
0x112a5,437,sub_112A5,game,,28,0,0,""
0x1145a,172,sub_1145A,game,,2,0,0,""
0x11506,176,sub_11506,game,,24,0,0,""
0x115b6,561,sub_115B6,game,,9,0,0,""
0x117e7,705,sub_117E7,game,,1,0,0,""
0x11aa8,160,sub_11AA8,game,,1,0,0,""
0x11b48,83,sub_11B48,game,,3,0,0,""
0x11b9b,95,sub_11B9B,game,,3,0,0,""
0x11bfa,95,sub_11BFA,game,,3,0,0,""
0x11c59,83,sub_11C59,game,,3,0,0,""
0x11cac,148,sub_11CAC,game,,84,0,0,""
0x11d40,178,sub_11D40,game,,29,0,0,""
0x11df2,190,sub_11DF2,game,,34,0,0,""
0x11eb0,62,sub_11EB0,game,,115,0,0,""
0x11eee,885,sub_11EEE,game,,27,0,0,""
0x12263,121,sub_12263,game,,6,0,0,""
0x122dc,1051,sub_122DC,game,,2,0,0,""
0x126f7,178,sub_126F7,game,,37,0,0,""
0x127a9,55,sub_127A9,game,,20,0,0,""
0x127e0,413,sub_127E0,game,,11,0,0,""
0x1297d,111,sub_1297D,game,,13,0,0,""
0x129ec,218,sub_129EC,game,,4,0,0,""
0x12ac6,327,sub_12AC6,game,,4,0,0,""
0x12c0d,83,sub_12C0D,game,,9,0,0,""
0x12c60,138,sub_12C60,game,,4,0,0,""
0x12cea,145,sub_12CEA,game,,15,0,0,""
0x12d7b,49,sub_12D7B,game,,28,0,0,""
0x12dac,140,sub_12DAC,game,,1,0,0,""
0x12e38,114,sub_12E38,game,,22,0,0,""
0x12eaa,355,sub_12EAA,game,,1,0,0,""
0x1300d,376,sub_1300D,game,,1,0,0,""
0x13185,400,sub_13185,game,,3,0,0,""
0x13315,331,sub_13315,game,,1,0,0,""
0x13460,40,sub_13460,game,,4,0,0,""
0x13488,92,sub_13488,game,,2,0,0,""
0x134e4,46,sub_134E4,game,,25,0,0,""
0x13512,36,sub_13512,game,,11,0,0,""
0x13536,47,sub_13536,game,,5,0,0,""
0x13565,120,sub_13565,game,,1,0,0,""
0x135dd,141,sub_135DD,game,,98,0,0,""
0x1366a,818,sub_1366A,game,,110,0,0,""
0x1399c,168,sub_1399C,game,,2,0,0,""
0x13a44,91,sub_13A44,game,,5,0,0,""
0x13a9f,1021,sub_13A9F,game,,3,0,0,""
0x13e9c,312,sub_13E9C,game,,1,0,0,""
0x13fd4,333,sub_13FD4,game,,6,0,0,""
0x14121,278,sub_14121,game,,3,0,0,""
0x14237,918,sub_14237,game,,3,0,0,""
0x145cd,88,sub_145CD,game,,10,0,0,""
0x14625,130,sub_14625,game,,1,0,0,""
0x146a7,42,sub_146A7,game,,4,0,0,""
0x146d1,113,sub_146D1,game,,3,0,0,""
0x14742,214,sub_14742,game,,1,0,0,""
0x14818,480,sub_14818,game,,17,0,0,""
0x149f8,286,sub_149F8,game,,3,0,0,""
0x14b16,98,sub_14B16,game,,4,0,0,""
0x14b78,888,sub_14B78,game,,8,0,0,""
0x14ef0,357,sub_14EF0,game,,6,0,0,""
0x15055,700,sub_15055,game,,2,0,0,""
0x15311,381,sub_15311,game,,2,0,0,""
0x1548e,496,sub_1548E,game,gfx_A0000,2,0,0,""
0x1567e,514,sub_1567E,game,,2,0,0,""
0x15880,266,sub_15880,game,,1,0,0,""
0x1598a,493,sub_1598A,game,,3,0,0,""
0x15b77,555,sub_15B77,game,,1,0,0,""
0x15da2,81,sub_15DA2,game,,1,0,0,""
0x15df3,126,sub_15DF3,game,,1,0,0,""
0x15e71,45,sub_15E71,game,,13,0,0,""
0x15e9e,112,sub_15E9E,game,,2,0,0,""
0x15f0e,118,sub_15F0E,game,,15,0,0,""
0x15f84,1380,sub_15F84,game,gfx_A0000,296,0,0,""
0x164e8,113,sub_164E8,game,,2,0,0,""
0x16559,83,sub_16559,game,gfx_A0000,63,0,0,""
0x165ac,688,sub_165AC,game,gfx_A0000,2,0,0,""
0x1685c,42,sub_1685C,game,,45,0,0,""
0x16886,48,sub_16886,game,,23,0,0,""
0x168b6,653,sub_168B6,game,,8,0,0,""
0x16b43,276,sub_16B43,game,gfx_A0000,5,0,0,""
0x16c57,461,sub_16C57,game,,39,0,0,""
0x16e24,231,sub_16E24,game,,3,0,0,""
0x16f55,823,sub_16F55,game,,1,0,0,""
0x1728c,347,sub_1728C,game,,1,0,0,""
0x173e7,53,sub_173E7,game,,3,0,0,""
0x1741c,397,sub_1741C,game,,5,0,0,""
0x175a9,154,sub_175A9,game,,1,0,0,""
0x17643,113,sub_17643,game,,3,0,0,""
0x176b4,328,sub_176B4,game,,5,0,0,""
0x177fc,156,sub_177FC,game,,5,0,0,""
0x17898,317,sub_17898,game,,1,0,0,""
0x179d5,212,sub_179D5,game,,1,0,0,""
0x17aa9,68,sub_17AA9,game,,96,0,0,""
0x17aed,642,sub_17AED,game,gfx_A0000,3,0,0,""
0x17d6f,156,sub_17D6F,game,,1,0,0,""
0x17e0b,228,sub_17E0B,game,gfx_A0000,3,0,0,""
0x17eef,209,sub_17EEF,game,,3,0,0,""
0x17fc0,749,sub_17FC0,game,,2,0,0,""
0x182ad,101,sub_182AD,game,,4,0,0,""
0x18312,137,sub_18312,game,,4,0,0,""
0x1839b,110,sub_1839B,game,,3,0,0,""
0x18409,183,sub_18409,game,gfx_A0000,8,0,0,""
0x184c0,669,sub_184C0,game,,3,0,0,""
0x1875d,56,sub_1875D,game,,7,0,0,""
0x18795,65,sub_18795,game,,4,0,0,""
0x187d6,186,sub_187D6,game,,41,0,0,""
0x18890,756,sub_18890,game,,1,0,0,""
0x18b84,233,sub_18B84,game,,1,0,0,""
0x18c6d,287,sub_18C6D,game,,2,0,0,""
0x18d8c,800,sub_18D8C,game,,2,0,0,""
0x190ac,1215,sub_190AC,game,,1,0,0,""
0x1956b,352,sub_1956B,game,gfx_A0000,52,0,0,""
0x196cb,129,sub_196CB,game,gfx_A0000,25,0,0,""
0x1974c,153,sub_1974C,game,gfx_A0000,9,0,0,""
0x197e5,366,sub_197E5,game,,17,0,0,""
0x19953,1188,sub_19953,game,gfx_A0000,17,0,0,""
0x19df7,1300,sub_19DF7,game,,1,0,0,""
0x1a30b,1202,sub_1A30B,game,gfx_A0000,3,0,0,""
0x1a7bd,52,sub_1A7BD,game,,2,0,0,""
0x1a7f1,34,sub_1A7F1,game,,2,0,0,""
0x1a813,83,sub_1A813,game,,3,0,0,""
0x1a866,439,sub_1A866,game,,3,0,0,""
0x1aa1d,726,sub_1AA1D,game,gfx_A0000,9,0,0,""
0x1acf3,446,sub_1ACF3,game,,4,0,0,""
0x1aeb1,109,sub_1AEB1,game,,2,0,0,""
0x1af1e,123,sub_1AF1E,game,,1,0,0,""
0x1af99,128,sub_1AF99,game,,1,0,0,""
0x1b019,148,sub_1B019,game,,2,0,0,""
0x1b0ad,158,sub_1B0AD,game,,2,0,0,""
0x1b14b,156,sub_1B14B,game,,2,0,0,""
0x1b1e7,566,sub_1B1E7,game,gfx_A0000,1,0,0,""
0x1b41d,468,sub_1B41D,game,,2,0,0,""
0x1b5f1,98,sub_1B5F1,game,,3,0,0,""
0x1b653,100,sub_1B653,game,,1,0,0,""
0x1b6b7,107,sub_1B6B7,game,,4,0,0,""
0x1b722,46,sub_1B722,game,,20,0,0,""
0x1b750,237,sub_1B750,game,,12,0,0,""
0x1b83d,105,sub_1B83D,game,,8,0,0,""
0x1b8a6,65,sub_1B8A6,game,,10,0,0,""
0x1b8e7,75,sub_1B8E7,game,,13,0,0,""
0x1b932,172,sub_1B932,game,gfx_A0000,6,0,0,""
0x1b9de,430,sub_1B9DE,game,gfx_A0000,2,0,0,""
0x1bb8c,80,sub_1BB8C,game,,13,0,0,""
0x1bbdc,1058,sub_1BBDC,game,,1,0,0,""
0x1bffe,324,sub_1BFFE,game,gfx_A0000,2,0,0,""
0x1c142,129,sub_1C142,game,,2,0,0,""
0x1c1c3,93,sub_1C1C3,game,,2,0,0,""
0x1c220,73,sub_1C220,game,,2,0,0,""
0x1c269,113,sub_1C269,game,,8,0,0,""
0x1c2da,498,sub_1C2DA,game,,11,0,0,""
0x1c4cc,658,sub_1C4CC,game,,15,0,0,""
0x1c75e,193,sub_1C75E,game,,7,0,0,""
0x1c81f,206,sub_1C81F,game,,3,0,0,""
0x1c8ed,41,sub_1C8ED,game,,1,0,0,""
0x1c916,199,sub_1C916,game,,3,0,0,""
0x1c9dd,172,sub_1C9DD,game,,1,0,0,""
0x1ca89,62,sub_1CA89,game,,13,0,0,""
0x1cac7,205,sub_1CAC7,game,,2,0,0,""
0x1cb94,387,sub_1CB94,game,,2,0,0,""
0x1cd17,470,sub_1CD17,game,,2,0,0,""
0x1ceed,259,sub_1CEED,game,,3,0,0,""
0x1cff0,1243,sub_1CFF0,game,gfx_A0000,1,0,0,""
0x1d4cb,43,sub_1D4CB,game,,6,0,0,""
0x1d4f6,39,sub_1D4F6,game,,5,0,0,""
0x1d51d,427,sub_1D51D,game,gfx_A0000,1,0,0,""
0x1d6c8,212,sub_1D6C8,game,,1,0,0,""
0x1d79c,111,sub_1D79C,game,,1,0,0,""
0x1d80b,175,sub_1D80B,game,,1,0,0,""
0x1d8ba,348,sub_1D8BA,game,,1,0,0,""
0x1da16,335,sub_1DA16,game,,5,0,0,""
0x1db65,857,sub_1DB65,game,,8,0,0,""
0x1debe,154,sub_1DEBE,game,,1,0,0,""
0x1df58,387,sub_1DF58,game,,10,0,0,""
0x1e0db,257,sub_1E0DB,game,,15,0,0,""
0x1e1dc,182,sub_1E1DC,game,,13,0,0,""
0x1e292,663,sub_1E292,game,,2,0,0,""
0x1e529,151,sub_1E529,game,,10,0,0,""
0x1e5c0,81,sub_1E5C0,game,,3,0,0,""
0x1e611,296,sub_1E611,game,,1,0,0,""
0x1e739,189,sub_1E739,game,,3,0,0,""
0x1e7f6,96,sub_1E7F6,game,,4,0,0,""
0x1e856,310,sub_1E856,game,gfx_A0000,2,0,0,""
0x1e98c,377,sub_1E98C,game,gfx_A0000,1,0,0,""
0x1eb05,293,sub_1EB05,game,gfx_A0000,1,0,0,""
0x1ec2a,157,sub_1EC2A,game,,2,0,0,""
0x1ecc7,899,sub_1ECC7,game,,1,0,0,""
0x1f04a,146,sub_1F04A,game,,6,0,0,""
0x1f0dc,167,sub_1F0DC,game,,6,0,0,""
0x1f183,73,sub_1F183,game,,17,0,0,""
0x1f1cc,318,sub_1F1CC,game,gfx_A0000,2,0,0,""
0x1f30a,291,sub_1F30A,game,gfx_A0000,2,0,0,""
0x1f42d,214,sub_1F42D,game,,4,0,0,""
0x1f525,51,sub_1F525,game,,26,0,0,""
0x1f558,407,sub_1F558,game,,3,0,0,""
0x1f6ef,80,sub_1F6EF,game,gfx_A0000,2,0,0,""
0x1f73f,223,sub_1F73F,game,gfx_A0000,1,0,0,""
0x1f81e,100,sub_1F81E,game,gfx_A0000,3,0,0,""
0x1f882,18,sub_1F882,game,,39,0,0,""
0x1f894,1765,sub_1F894,game,gfx_A0000,1,0,0,""
0x1ff79,145,sub_1FF79,game,,4,0,0,""
0x2000a,947,sub_2000A,game,gfx_A0000,1,0,0,""
0x203bd,100,sub_203BD,game,,2,0,0,""
0x20421,403,sub_20421,game,gfx_A0000,5,0,0,""
0x205b4,10,sub_205B4,game,,5,0,1,""
0x205be,28,sub_205BE,game,,14,0,0,""
0x205da,163,sub_205DA,game,,28,0,0,""
0x206c5,66,sub_206C5,game,,5,0,1,""
0x20707,54,sub_20707,game,,5,0,1,""
0x2073d,40,sub_2073D,game,,5,0,1,""
0x20765,189,sub_20765,game,gfx_A0000,5,0,1,""
0x20822,40,sub_20822,game,,5,0,1,""
0x2084a,40,sub_2084A,game,,5,0,1,""
0x20872,93,sub_20872,game,gfx_A0000,5,0,1,""
0x208cf,87,sub_208CF,game,,5,0,1,""
0x20926,49,sub_20926,game,,5,0,1,""
0x20957,250,sub_20957,game,gfx_A0000,5,0,1,""
0x20a51,54,sub_20A51,game,,5,0,1,""
0x20a87,40,sub_20A87,game,,5,0,1,""
0x20aaf,101,sub_20AAF,game,,5,0,1,""
0x20b14,40,sub_20B14,game,,5,0,1,""
0x20b3c,54,sub_20B3C,game,,5,0,1,""
0x20b72,131,sub_20B72,game,gfx_A0000,5,0,1,""
0x20bf5,122,sub_20BF5,game,gfx_A0000,5,0,1,""
0x20c6f,1043,sub_20C6F,game,,2,0,0,""
0x21082,152,sub_21082,game,,2,0,0,""
0x2111a,138,sub_2111A,game,,2,0,0,""
0x211a4,98,sub_211A4,game,,2,0,0,""
0x21206,33,sub_21206,game,,2,0,1,""
0x21227,146,sub_21227,game,,1,0,0,""
0x2134b,25,sub_2134B,game,,2,0,1,""
0x21364,25,sub_21364,game,,2,0,1,""
0x2137d,25,sub_2137D,game,,2,0,1,""
0x21396,33,sub_21396,game,,2,0,1,""
0x213b7,146,sub_213B7,game,,1,0,0,""
0x21449,25,sub_21449,game,,2,0,1,""
0x21462,25,sub_21462,game,,2,0,1,""
0x2147b,25,sub_2147B,game,,2,0,1,""
0x21494,25,sub_21494,game,,2,0,1,""
0x214ad,122,sub_214AD,game,,2,0,1,""
0x21527,33,sub_21527,game,,2,0,1,""
0x21548,791,sub_21548,game,,1,0,0,""
0x2185f,59,sub_2185F,game,,2,0,1,""
0x2189a,275,sub_2189A,game,,6,0,0,""
0x219ad,241,sub_219AD,game,,3,0,0,""
0x21a9e,59,sub_21A9E,game,,2,0,1,""
0x21ad9,63,sub_21AD9,game,,2,0,1,""
0x21b18,129,sub_21B18,game,,1,0,0,""
0x21b99,55,sub_21B99,game,,2,0,1,""
0x21db2,255,sub_21DB2,game,,0,0,0,""
0x21eb1,405,sub_21EB1,game,,4,0,0,""
0x22046,214,sub_22046,game,,6,0,0,""
0x2211c,55,sub_2211C,game,,2,0,1,""
0x22153,55,sub_22153,game,,2,0,1,""
0x2218a,201,sub_2218A,game,,3,0,1,""
0x22253,541,sub_22253,game,,5,0,0,""
0x22470,215,sub_22470,game,,1,0,0,""
0x22547,271,sub_22547,game,,1,0,0,""
0x22656,148,sub_22656,game,,1,0,0,""
0x226ea,55,sub_226EA,game,,2,0,1,""
0x22721,270,sub_22721,game,,3,0,0,""
0x2282f,55,sub_2282F,game,,2,0,1,""
0x22866,250,sub_22866,game,,3,0,0,""
0x22960,55,sub_22960,game,,2,0,1,""
0x22997,238,sub_22997,game,,3,0,0,""
0x22a85,35,sub_22A85,game,,2,0,1,""
0x22aa8,78,sub_22AA8,game,,1,0,0,""
0x22af6,208,sub_22AF6,game,,2,0,0,""
0x22bc6,27,sub_22BC6,game,,2,0,1,""
0x22be1,35,sub_22BE1,game,,2,0,1,""
0x22c04,187,sub_22C04,game,,2,0,1,""
0x22cbf,27,sub_22CBF,game,,2,0,1,""
0x22cda,65,sub_22CDA,game,,1,0,0,""
0x22d1b,294,sub_22D1B,game,,5,0,0,""
0x22e41,27,sub_22E41,game,,2,0,1,""
0x22e5c,154,sub_22E5C,game,gfx_A0000,1,0,0,""
0x22ef6,65,sub_22EF6,game,gfx_A0000,6,0,1,""
0x22f37,443,sub_22F37,game,gfx_A0000,3,0,1,""
0x230f2,202,sub_230F2,game,gfx_A0000,3,0,1,""
0x231bc,61,sub_231BC,game,gfx_A0000,3,0,1,""
0x231f9,157,sub_231F9,game,gfx_A0000,3,0,1,""
0x23296,82,sub_23296,game,gfx_A0000,3,0,1,""
0x232e8,222,sub_232E8,game,gfx_A0000,3,0,1,""
0x233c6,245,sub_233C6,game,,15,0,0,""
0x234bb,257,sub_234BB,game,gfx_A0000,3,0,1,""
0x235bc,61,sub_235BC,game,,3,0,1,""
0x235f9,407,sub_235F9,game,gfx_A0000,3,0,1,""
0x23790,69,sub_23790,game,gfx_A0000,3,0,1,""
0x237d5,202,sub_237D5,game,gfx_A0000,3,0,1,""
0x2389f,61,sub_2389F,game,gfx_A0000,3,0,1,""
0x238dc,225,sub_238DC,game,gfx_A0000,3,0,1,""
0x239bd,77,sub_239BD,game,gfx_A0000,3,0,1,""
0x23a0a,341,sub_23A0A,game,gfx_A0000,3,0,1,""
0x23b5f,374,sub_23B5F,game,gfx_A0000,3,0,1,""
0x23cd5,356,sub_23CD5,game,gfx_A0000,3,0,1,""
0x23e39,59,sub_23E39,game,gfx_A0000,3,0,1,""
0x23e74,646,sub_23E74,game,gfx_A0000,3,0,1,""
0x240fa,572,sub_240FA,game,gfx_A0000,3,0,1,""
0x24336,384,sub_24336,game,gfx_A0000,1,0,0,""
0x244b6,354,sub_244B6,game,gfx_A0000,3,0,1,""
0x24618,316,sub_24618,game,,8,0,0,""
0x24754,960,sub_24754,game,gfx_A0000,3,0,1,""
0x24b14,57,sub_24B14,game,,3,0,0,""
0x24b4d,145,sub_24B4D,game,,15,0,0,""
0x24bde,64,sub_24BDE,game,,1,0,0,""
0x24c1e,260,sub_24C1E,game,gfx_A0000,3,0,1,""
0x24d22,208,sub_24D22,game,,4,0,0,""
0x24df2,142,sub_24DF2,game,gfx_A0000,3,0,1,""
0x24e80,466,sub_24E80,game,gfx_A0000,3,0,1,""
0x25052,55,sub_25052,game,,6,0,0,""
0x25089,67,sub_25089,game,,4,0,0,""
0x250cc,920,sub_250CC,game,gfx_A0000,3,0,1,""
0x25464,40,sub_25464,game,gfx_A0000,3,0,1,""
0x2548c,715,sub_2548C,game,gfx_A0000,3,0,1,""
0x25757,544,sub_25757,game,gfx_A0000,3,0,1,""
0x25977,287,sub_25977,game,,32,0,0,""
0x25a96,175,sub_25A96,game,,111,0,0,""
0x25b45,175,sub_25B45,game,,11,0,0,""
0x25bf4,711,main,crt_sym,,0,1,0,""
0x25ebb,663,sub_25EBB,game,gfx_A0000,1,0,0,""
0x26152,1178,sub_26152,game,gfx_A0000,2,0,0,""
0x265ec,290,sub_265EC,game,,3,0,0,""
0x2670e,648,sub_2670E,game,gfx_A0000,1,0,0,""
0x26996,119,sub_26996,game,gfx_A0000,42,0,0,""
0x26a0d,109,sub_26A0D,game,,1,0,0,""
0x26a7a,279,sub_26A7A,game,,1,0,0,""
0x26b91,266,sub_26B91,game,,2,0,0,""
0x26c9b,73,sub_26C9B,game,,2,0,0,""
0x26ce4,340,sub_26CE4,game,gfx_A0000,6,0,0,""
0x26e38,162,sub_26E38,game,,3,0,0,""
0x26eda,415,sub_26EDA,game,,6,0,0,""
0x27079,599,sub_27079,game,gfx_A0000,2,0,0,""
0x272d0,790,sub_272D0,game,,2,0,0,""
0x275e6,338,sub_275E6,game,gfx_A0000,3,0,0,""
0x27738,222,sub_27738,game,gfx_A0000,3,0,0,""
0x27816,209,sub_27816,game,,5,0,0,""
0x278e7,213,sub_278E7,game,,5,0,0,""
0x279bc,887,sub_279BC,game,gfx_A0000,1,0,0,""
0x27d33,535,sub_27D33,game,gfx_A0000,6,0,0,""
0x27f4a,449,sub_27F4A,game,gfx_A0000,1,0,0,""
0x2810b,336,sub_2810B,game,,3,0,0,""
0x2825b,943,sub_2825B,game,,2,0,0,""
0x2860a,40,sub_2860A,game,,4,0,0,""
0x28632,249,sub_28632,game,,1,0,0,""
0x2872b,1046,sub_2872B,game,,1,0,0,""
0x28b41,380,sub_28B41,game,,3,0,0,""
0x28cbd,577,sub_28CBD,game,,1,0,0,""
0x28efe,103,sub_28EFE,game,,1,0,0,""
0x28f65,693,sub_28F65,game,,2,0,0,""
0x2921a,230,sub_2921A,game,,4,0,0,""
0x29300,800,sub_29300,game,gfx_A0000,1,0,0,""
0x29620,109,sub_29620,game,,2,0,0,""
0x2968d,482,sub_2968D,game,,2,0,0,""
0x2986f,579,sub_2986F,game,,1,0,0,""
0x29ab2,281,sub_29AB2,game,,2,0,0,""
0x29bcb,479,sub_29BCB,game,gfx_A0000,3,0,0,""
0x29daa,720,sub_29DAA,game,gfx_A0000,1,0,0,""
0x2a07a,72,sub_2A07A,game,,1,0,0,""
0x2a0c2,475,sub_2A0C2,game,,2,0,0,""
0x2a29d,417,sub_2A29D,game,gfx_A0000,1,0,0,""
0x2a43e,598,sub_2A43E,game,,1,0,0,""
0x2a694,451,sub_2A694,game,,2,0,0,""
0x2a857,425,sub_2A857,game,gfx_A0000,1,0,0,""
0x2aa00,637,sub_2AA00,game,,1,0,0,""
0x2ac7d,401,sub_2AC7D,game,,1,0,0,""
0x2ae0e,205,sub_2AE0E,game,,1,0,0,""
0x2aedb,77,sub_2AEDB,game,,7,0,0,""
0x2af28,1297,sub_2AF28,game,gfx_A0000,2,0,0,""
0x2b439,194,sub_2B439,game,,2,0,0,""
0x2b4fb,388,sub_2B4FB,game,,3,0,0,""
0x2b67f,202,sub_2B67F,game,gfx_A0000,1,0,0,""
0x2b749,46,sub_2B749,game,,3,0,0,""
0x2b777,204,sub_2B777,game,,1,0,0,""
0x2b843,339,sub_2B843,game,,2,0,0,""
0x2b996,413,sub_2B996,game,,14,0,1,""
0x2bb33,569,sub_2BB33,game,,14,0,1,""
0x2bd6c,535,sub_2BD6C,game,,14,0,1,""
0x2bf83,86,sub_2BF83,game,,2,0,0,""
0x2bfd9,574,sub_2BFD9,game,,14,0,1,""
0x2c217,554,sub_2C217,game,,14,0,1,""
0x2c441,572,sub_2C441,game,,14,0,1,""
0x2c67d,1151,sub_2C67D,game,,14,0,1,""
0x2cafc,504,sub_2CAFC,game,,14,0,1,""
0x2ccf4,294,sub_2CCF4,game,,14,0,1,""
0x2ce1a,278,sub_2CE1A,game,,14,0,1,""
0x2cf30,2269,sub_2CF30,game,gfx_A0000,1,0,0,""
0x2d80d,1780,sub_2D80D,game,gfx_A0000,1,0,0,""
0x2df01,199,sub_2DF01,game,,5,0,0,""
0x2dfc8,744,sub_2DFC8,game,gfx_A0000,1,0,0,""
0x2e2b0,1707,sub_2E2B0,game,gfx_A0000,4,0,0,""
0x2e95b,77,sub_2E95B,game,,3,0,0,""
0x2e9a8,503,sub_2E9A8,game,gfx_A0000,6,0,0,""
0x2eb9f,66,sub_2EB9F,game,,82,0,0,""
0x2ebe1,2291,sub_2EBE1,game,gfx_A0000,3,0,0,""
0x2f4d4,349,sub_2F4D4,game,gfx_A0000,3,0,0,""
0x2f631,389,sub_2F631,game,gfx_A0000,2,0,0,""
0x2f7b6,791,sub_2F7B6,game,,1,0,0,""
0x2facd,95,sub_2FACD,game,,15,0,0,""
0x2fb2c,744,sub_2FB2C,game,gfx_A0000,1,0,0,""
0x2fe14,237,sub_2FE14,game,gfx_A0000,2,0,0,""
0x2ff01,3876,sub_2FF01,game,gfx_A0000,2,0,0,""
0x30e25,120,sub_30E25,game,,2,0,0,""
0x30e9d,840,sub_30E9D,game,gfx_A0000,3,0,0,""
0x311e5,129,sub_311E5,game,,13,0,0,""
0x31266,632,sub_31266,game,gfx_A0000,1,0,0,""
0x314de,75,sub_314DE,game,,4,0,0,""
0x31529,1718,sub_31529,game,gfx_A0000,2,0,0,""
0x31bdf,106,sub_31BDF,game,,12,0,0,""
0x31c49,1511,sub_31C49,game,gfx_A0000,1,0,0,""
0x32230,235,sub_32230,game,,5,0,0,""
0x3231b,1626,sub_3231B,game,gfx_A0000,5,0,1,""
0x32975,36,sub_32975,game,,8,0,0,""
0x32999,895,sub_32999,game,,4,0,0,""
0x32d18,372,sub_32D18,game,gfx_A0000,5,0,1,""
0x32e8c,294,sub_32E8C,game,gfx_A0000,5,0,1,""
0x32fb2,151,sub_32FB2,game,gfx_A0000,5,0,1,""
0x33049,258,sub_33049,game,gfx_A0000,5,0,1,""
0x3314b,30,sub_3314B,game,,5,0,1,""
0x33169,176,sub_33169,game,gfx_A0000,5,0,1,""
0x33219,100,sub_33219,game,gfx_A0000,5,0,1,""
0x3327d,174,sub_3327D,game,gfx_A0000,5,0,1,""
0x3332b,60,sub_3332B,game,,5,0,1,""
0x33367,142,sub_33367,game,gfx_A0000,5,0,1,""
0x333f5,118,sub_333F5,game,gfx_A0000,5,0,1,""
0x3346b,17,sub_3346B,game,,5,0,1,""
0x3347c,29,sub_3347C,game,,5,0,1,""
0x33499,64,sub_33499,game,,7,0,0,""
0x334d9,199,sub_334D9,game,gfx_A0000,5,0,1,""
0x335a0,10,sub_335A0,game,,5,0,1,""
0x335aa,48,sub_335AA,game,,5,0,1,""
0x335da,154,sub_335DA,game,gfx_A0000,5,0,1,""
0x33674,10,sub_33674,game,,5,0,1,""
0x3367e,34,sub_3367E,game,,5,0,1,""
0x336a0,548,sub_336A0,game,gfx_A0000,5,0,1,""
0x338c4,166,sub_338C4,game,gfx_A0000,5,0,1,""
0x3396a,324,sub_3396A,game,gfx_A0000,5,0,1,""
0x33aae,67,sub_33AAE,game,gfx_A0000,5,0,1,""
0x33af1,428,sub_33AF1,game,gfx_A0000,5,0,1,""
0x33c9d,285,sub_33C9D,game,gfx_A0000,5,0,1,""
0x33dba,130,sub_33DBA,game,gfx_A0000,5,0,1,""
0x33e3c,316,sub_33E3C,game,gfx_A0000,5,0,1,""
0x33f78,55,sub_33F78,game,,10,0,0,""
0x33faf,872,sub_33FAF,game,gfx_A0000,1,0,0,""
0x34317,79,sub_34317,game,,2,0,0,""
0x34366,334,sub_34366,game,gfx_A0000,3,0,0,""
0x344b4,62,sub_344B4,game,,5,0,0,""
0x344f2,63,sub_344F2,game,,20,0,0,""
0x34531,218,sub_34531,game,gfx_A0000,13,0,1,""
0x3460b,104,sub_3460B,game,gfx_A0000,9,0,1,""
0x34673,90,sub_34673,game,gfx_A0000,9,0,1,""
0x346cd,107,sub_346CD,game,gfx_A0000,9,0,1,""
0x34738,64,sub_34738,game,gfx_A0000,9,0,1,""
0x34778,160,sub_34778,game,gfx_A0000,9,0,1,""
0x34818,124,sub_34818,game,gfx_A0000,9,0,1,""
0x34894,39,sub_34894,game,,50,0,0,""
0x348bb,47,sub_348BB,game,gfx_A0000,9,0,1,""
0x348ea,86,sub_348EA,game,gfx_A0000,9,0,1,""
0x34940,68,sub_34940,game,gfx_A0000,9,0,1,""
0x34984,104,sub_34984,game,,9,0,1,""
0x349ec,50,sub_349EC,game,gfx_A0000,9,0,1,""
0x34a1e,78,sub_34A1E,game,gfx_A0000,9,0,1,""
0x34a6c,155,sub_34A6C,game,gfx_A0000,9,0,1,""
0x34b07,40,sub_34B07,game,gfx_A0000,9,0,1,""
0x34b2f,64,sub_34B2F,game,gfx_A0000,9,0,1,""
0x34b6f,43,sub_34B6F,game,,9,0,1,""
0x34b9a,184,sub_34B9A,game,gfx_A0000,9,0,1,""
0x34c52,40,sub_34C52,game,gfx_A0000,9,0,1,""
0x34c7a,119,sub_34C7A,game,gfx_A0000,9,0,1,""
0x34cf1,62,sub_34CF1,game,,9,0,1,""
0x34d2f,53,sub_34D2F,game,,9,0,1,""
0x34d64,46,sub_34D64,game,,10,0,1,""
0x34d92,62,sub_34D92,game,gfx_A0000,9,0,1,""
0x34dd0,227,sub_34DD0,game,gfx_A0000,9,0,1,""
0x34eb3,133,sub_34EB3,game,,9,0,1,""
0x34f38,60,sub_34F38,game,gfx_A0000,9,0,1,""
0x34f74,78,sub_34F74,game,gfx_A0000,9,0,1,""
0x34fc2,10,sub_34FC2,game,,9,0,1,""
0x34fcc,61,sub_34FCC,game,,9,0,1,""
0x35009,25,sub_35009,game,,9,0,1,""
0x35022,156,sub_35022,game,gfx_A0000,9,0,1,""
0x350be,10,sub_350BE,game,,9,0,1,""
0x350c8,91,sub_350C8,game,gfx_A0000,9,0,1,""
0x35123,110,sub_35123,game,gfx_A0000,9,0,1,""
0x35191,85,sub_35191,game,gfx_A0000,9,0,1,""
0x351e6,114,sub_351E6,game,gfx_A0000,9,0,1,""
0x35258,64,sub_35258,game,gfx_A0000,9,0,1,""
0x35298,50,sub_35298,game,gfx_A0000,9,0,1,""
0x352ca,87,sub_352CA,game,gfx_A0000,9,0,1,""
0x35321,37,sub_35321,game,,9,0,1,""
0x35346,111,sub_35346,game,gfx_A0000,9,0,1,""
0x353b5,50,sub_353B5,game,gfx_A0000,9,0,1,""
0x353e7,19,sub_353E7,game,,9,0,1,""
0x353fa,21,sub_353FA,game,,9,0,1,""
0x3540f,19,sub_3540F,game,,9,0,1,""
0x35422,70,sub_35422,game,gfx_A0000,9,0,1,""
0x35468,180,sub_35468,game,gfx_A0000,9,0,1,""
0x3551c,35,sub_3551C,game,,9,0,1,""
0x3553f,120,sub_3553F,game,gfx_A0000,9,0,1,""
0x355b7,57,sub_355B7,game,,9,0,1,""
0x355f0,72,sub_355F0,game,gfx_A0000,9,0,1,""
0x35638,63,sub_35638,game,,9,0,1,""
0x35677,60,sub_35677,game,gfx_A0000,9,0,1,""
0x356b3,125,sub_356B3,game,,9,0,1,""
0x35730,173,sub_35730,game,gfx_A0000,9,0,1,""
0x357dd,86,sub_357DD,game,gfx_A0000,9,0,1,""
0x35833,33,sub_35833,game,,9,0,1,""
0x35854,323,sub_35854,game,,9,0,1,""
0x35997,52,sub_35997,game,,9,0,1,""
0x359cb,66,sub_359CB,game,,9,0,1,""
0x35a0d,363,sub_35A0D,game,gfx_A0000,9,0,1,""
0x35b78,118,sub_35B78,game,,16,0,0,""
0x35bee,47,sub_35BEE,game,,9,0,1,""
0x35c1d,35,sub_35C1D,game,,9,0,1,""
0x35c40,177,sub_35C40,game,gfx_A0000,9,0,1,""
0x35cf1,45,sub_35CF1,game,,9,0,1,""
0x35d1e,103,sub_35D1E,game,gfx_A0000,9,0,1,""
0x35d85,25,sub_35D85,game,,9,0,1,""
0x35d9e,112,sub_35D9E,game,gfx_A0000,9,0,1,""
0x35e0e,77,sub_35E0E,game,,9,0,1,""
0x35e5b,102,sub_35E5B,game,gfx_A0000,9,0,1,""
0x35ec1,79,sub_35EC1,game,gfx_A0000,9,0,1,""
0x35f10,56,sub_35F10,game,,4,0,0,""
0x35f48,49,sub_35F48,game,,9,0,1,""
0x35f79,15,sub_35F79,game,,9,0,1,""
0x35f88,71,sub_35F88,game,,9,0,1,""
0x35fcf,231,sub_35FCF,game,gfx_A0000,9,0,1,""
0x360b6,250,sub_360B6,game,gfx_A0000,9,0,1,""
0x361b0,100,sub_361B0,game,,7,0,0,""
0x36214,20,sub_36214,game,,9,0,1,""
0x36228,20,sub_36228,game,,9,0,1,""
0x3623c,116,sub_3623C,game,,9,0,1,""
0x362b0,21,sub_362B0,game,,9,0,1,""
0x362c5,35,sub_362C5,game,,9,0,1,""
0x362e8,246,sub_362E8,game,gfx_A0000,9,0,1,""
0x363de,56,sub_363DE,game,gfx_A0000,9,0,1,""
0x36416,24,sub_36416,game,,9,0,1,""
0x3642e,11,sub_3642E,game,,9,0,1,""
0x36439,7,sub_36439,game,,9,0,1,""
0x36440,7,sub_36440,game,,9,0,1,""
0x36447,7,sub_36447,game,,9,0,1,""
0x3644e,7,sub_3644E,game,,9,0,1,""
0x3645d,87,sub_3645D,game,,4,0,0,""
0x364d4,39,sub_364D4,game,,0,6,0,""
0x364fb,39,sub_364FB,game,,0,19,0,""
0x36522,137,sub_36522,game,,0,2,0,""
0x365ab,47,sub_365AB,game,,0,7,0,""
0x365da,109,sub_365DA,game,,2,10,0,""
0x36647,37,sub_36647,game,,1,6,0,""
0x3666c,23,sub_3666C,game,,2,36,0,""
0x36683,23,sub_36683,game,,1,28,0,""
0x3669a,311,sub_3669A,game,,0,0,0,""
0x36c56,85,sub_36C56,game,,1,2,0,""
0x36cab,173,sub_36CAB,game,,0,2,0,""
0x36e3d,26,sub_36E3D,game,,1,0,1,""
0x36e57,14,sub_36E57,game,,1,0,1,""
0x36e65,66,sub_36E65,game,,1,0,1,""
0x36ea7,57,sub_36EA7,game,,1,0,1,""
0x36ee0,40,sub_36EE0,game,,1,0,1,""
0x36f08,28,sub_36F08,game,,1,0,1,""
0x36f24,69,sub_36F24,game,,1,0,1,""
0x36f69,25,sub_36F69,game,,1,0,1,""
0x36f82,42,sub_36F82,game,,1,0,1,""
0x36fac,39,sub_36FAC,game,,1,0,1,""
0x36fd3,33,sub_36FD3,game,,1,0,0,""
0x36ff4,49,sub_36FF4,game,,1,0,0,""
0x37028,7,sub_37028,lib_nosym,,0,0,1,""
0x3702f,16,sub_3702F,lib_nosym,,538,0,0,""
0x37042,29,sub_37042,lib_nosym,,0,1,0,""
0x3705f,15,sub_3705F,lib_nosym,,0,2,0,""
0x3706e,16,malloc,crt_sym,,125,5,1,""
0x3707e,114,_nmalloc,crt_sym,,0,4,0,""
0x370f0,41,int386,crt_sym,,24,0,0,""
0x37119,34,printf,crt_sym,,5,0,0,""
0x3713b,1,__null_int23_exit,crt_sym,,0,4,3,""
0x3713c,41,exit,crt_sym,,3,1,0,""
0x37165,175,__open_flags,crt_sym,,0,2,0,""
0x37214,229,sub_37214,lib_nosym,,0,2,0,""
0x372f9,43,_fsopen,crt_sym,,0,1,0,""
0x37324,21,fopen,crt_sym,,22,2,0,""
0x37339,101,sub_37339,lib_nosym,,0,1,0,""
0x3739e,44,freopen,crt_sym,,0,0,0,""
0x373ca,466,sub_373CA,lib_nosym,,17,0,0,""
0x3759c,44,fclose,crt_sym,,22,2,0,""
0x375c8,36,__shutdown_stream,crt_sym,,0,2,0,""
0x375ec,19,sub_375EC,lib_nosym,,0,3,0,""
0x375ff,127,__MkTmpFile,crt_sym,,0,1,0,""
0x3767e,158,__doclose,crt_sym,,0,2,0,""
0x3771c,82,memmove,crt_sym,,155,5,0,""
0x3776e,16,free,crt_sym,,206,4,1,""
0x3777e,37,_nfree,crt_sym,,0,3,0,""
0x377a3,359,fwrite,crt_sym,,4,0,0,""
0x3790a,5,j___delay,crt_sym,,185,0,0,""
0x37910,34,memset,crt_sym,,72,8,0,""
0x37932,14,abs,crt_sym,,25,0,0,""
0x37940,421,fseek,crt_sym,,7,1,0,""
0x37ae5,12,outp,crt_sym,,48,0,0,""
0x37af4,31,__CHP,crt_sym,,11,2,0,""
0x37b13,22,sub_37B13,lib_nosym,,0,0,1,""
0x37b29,44,sprintf,crt_sym,,8,2,0,""
0x37b55,28,strlen,crt_sym,,2,10,0,""
0x37b71,27,sub_37B71,lib_nosym,swi21,0,0,0,""
0x37b8c,164,sub_37B8C,lib_nosym,,0,1,2,""
0x37c30,108,sub_37C30,lib_nosym,,0,0,1,""
0x37c9c,162,sub_37C9C,lib_nosym,,0,51,0,""
0x37d3e,410,AIL_startup,ail,,1,0,0,""
0x37ed8,152,AIL_shutdown,ail,,2,0,0,""
0x37f70,250,AIL_set_preference,ail,,0,18,0,""
0x3806a,5,sub_3806A,lib_nosym,,0,15,0,""
0x3806f,5,sub_3806F,lib_nosym,,0,17,0,""
0x38074,235,AIL_get_real_vect,ail,,0,1,0,""
0x3815f,121,AIL_set_real_vect,ail,,0,3,0,""
0x38262,116,AIL_restore_USE16_ISR,ail,,0,4,0,""
0x382d6,5,sub_382D6,lib_nosym,,0,1,0,""
0x382db,14,sub_382DB,lib_nosym,,0,1,0,""
0x382e9,264,AIL_call_driver,ail,,0,34,0,""
0x383f1,109,AIL_delay,ail,,0,2,0,""
0x3845e,5,sub_3845E,lib_nosym,,0,2,0,""
0x38463,857,AIL_API_read_INI,ail,,0,2,0,""
0x387bc,235,AIL_register_timer,ail,,0,3,0,""
0x388a7,243,AIL_set_timer_user,ail,,0,3,0,""
0x3899a,118,AIL_set_timer_period,ail,,0,3,0,""
0x38a10,118,AIL_set_timer_frequency,ail,,0,3,0,""
0x38bd9,109,AIL_start_timer,ail,,0,4,0,""
0x38ca8,109,AIL_stop_timer,ail,,0,1,0,""
0x38d77,109,AIL_release_timer_handle,ail,,0,2,0,""
0x38de4,98,AIL_release_all_timers,ail,,0,1,0,""
0x38e46,229,AIL_get_IO_environment,ail,,0,2,0,""
0x38f2b,243,AIL_install_driver,ail,,0,4,0,""
0x3901e,109,AIL_uninstall_driver,ail,,0,7,0,""
0x3908b,235,AIL_install_DIG_INI,ail,,1,0,0,""
0x39176,237,AIL_install_DIG_driver_file,ail,,0,1,0,""
0x392d0,229,AIL_allocate_sample_handle,ail,,2,2,0,""
0x394b4,109,AIL_release_sample_handle,ail,,0,2,0,""
0x39521,109,AIL_init_sample,ail,,2,2,0,""
0x39694,130,AIL_set_sample_address,ail,,2,4,0,""
0x39716,130,AIL_set_sample_type,ail,,0,5,0,""
0x39798,109,AIL_start_sample,ail,,2,2,0,""
0x39805,109,AIL_stop_sample,ail,,2,0,0,""
0x398df,109,AIL_end_sample,ail,,0,0,0,""
0x3994c,118,AIL_set_sample_playback_rate,ail,,0,5,0,""
0x399c2,118,AIL_set_sample_volume,ail,,0,1,0,""
0x39a38,118,AIL_set_sample_pan,ail,,0,1,0,""
0x39aae,118,AIL_set_sample_loop_count,ail,,2,0,0,""
0x39b24,229,AIL_sample_status,ail,,0,0,0,""
0x3a644,237,AIL_register_EOS_callback,ail,,0,2,0,""
0x3aa72,215,AIL_install_MDI_INI,ail,,1,0,0,""
0x3ab49,237,AIL_install_MDI_driver_file,ail,,0,1,0,""
0x3aca3,229,AIL_allocate_sequence_handle,ail,,1,0,0,""
0x3adf5,249,AIL_init_sequence,ail,,1,0,0,""
0x3aeee,109,AIL_start_sequence,ail,,1,0,0,""
0x3af5b,109,AIL_stop_sequence,ail,,1,3,0,""
0x3b035,109,AIL_end_sequence,ail,,0,0,0,""
0x3b124,130,AIL_set_sequence_volume,ail,,4,0,0,""
0x3b1a6,118,AIL_set_sequence_loop_count,ail,,1,0,0,""
0x3bddf,118,AIL_branch_index,ail,,0,1,0,""
0x3c11c,237,AIL_register_event_callback,ail,,0,2,0,""
0x3c209,237,AIL_register_timbre_callback,ail,,0,2,0,""
0x3c4db,229,AIL_lock_channel,ail,,0,2,0,""
0x3c5c0,118,AIL_release_channel,ail,,0,2,0,""
0x3c636,130,AIL_map_sequence_channel,ail,,0,2,0,""
0x3ca23,38,sub_3CA23,lib_nosym,,0,0,2,""
0x3ca4c,58,sqrt,crt_sym,,1,0,0,""
0x3ca88,62,__@DSQRT,crt_sym,,0,0,0,""
0x3cb06,25,IF@DCOS,crt_sym,,0,1,0,""
0x3cb1f,124,IF@DSIN,crt_sym,,0,1,0,""
0x3cb9b,7,sub_3CB9B,lib_nosym,,0,0,2,""
0x3cba2,7,sub_3CBA2,lib_nosym,,0,0,2,""
0x3cba9,44,sub_3CBA9,lib_nosym,,0,2,0,""
0x3cbd5,19,cos,crt_sym,,2,0,0,""
0x3cbe8,19,sin,crt_sym,,2,0,0,""
0x3cbfb,105,IF@DTAN,crt_sym,,0,0,0,""
0x3cc77,6,sub_3CC77,lib_nosym,,0,2,0,""
0x3cc7d,34,rand,crt_sym,,1,0,0,""
0x3cc9f,19,srand,crt_sym,,0,0,0,""
0x3ccb4,616,start,crt_sym,swi21,0,0,0,""
0x3cf1c,5,j___sys_init_387_emulator,crt_sym,,0,0,1,""
0x3cf21,5,j___sys_fini_387_emulator,crt_sym,,0,0,1,""
0x3cf26,42,memcpy,crt_sym,,1,4,0,""
0x3cf50,75,sub_3CF50,lib_nosym,swi21,1,10,0,""
0x3cf9b,217,read,crt_sym,swi21,2,0,0,""
0x3d074,31,open,crt_sym,,3,0,0,""
0x3d093,448,sopen,crt_sym,swi21,0,3,0,""
0x3d253,108,__set_binary,crt_sym,swi21,0,0,0,""
0x3d2c0,172,strcmp,crt_sym,,1,0,0,""
0x3d36c,58,close,crt_sym,swi21,4,1,0,""
0x3d3a6,63,filelength,crt_sym,,1,0,0,""
0x3d3e5,473,sub_3D3E5,lib_nosym,swi21,0,1,0,""
0x3d5be,1,nullsub_3,lib_nosym,,0,2,1,""
0x3d5c0,171,__MemAllocator,crt_sym,,0,1,0,""
0x3d670,267,__MemFree,crt_sym,,0,1,0,""
0x3d77b,35,__LastFree,crt_sym,,0,1,0,""
0x3d79e,164,sub_3D79E,lib_nosym,swi21|swi31,0,1,0,""
0x3d842,512,__ExpandDGROUP,crt_sym,swi21,0,1,0,""
0x3da42,7,__nmemneed,crt_sym,,0,1,0,""
0x3da49,45,segread,crt_sym,,0,1,0,""
0x3da76,33,int386x,crt_sym,,0,1,0,""
0x3da97,26,sub_3DA97,lib_nosym,,0,0,1,""
0x3dab1,128,__fprtf,crt_sym,,0,2,0,""
0x3db31,21,tolower,crt_sym,,0,2,0,""
0x3db46,6,sub_3DB46,lib_nosym,,0,25,0,""
0x3db4c,6,sub_3DB4C,lib_nosym,,0,1,0,""
0x3db52,149,__allocfp,crt_sym,,0,1,0,""
0x3dbe7,51,__freefp,crt_sym,,0,2,0,""
0x3dc1a,34,__purgefp,crt_sym,,0,1,0,""
0x3dc3c,45,__chktty,crt_sym,,0,3,0,""
0x3dc69,119,__ioalloc,crt_sym,,0,8,0,""
0x3dce0,49,__qread,crt_sym,swi21,0,2,0,""
0x3dd11,121,fgetc,crt_sym,,0,1,0,""
0x3dd8a,43,__filbuf,crt_sym,,0,2,0,""
0x3ddb5,171,__fill_buffer,crt_sym,,0,5,0,""
0x3de60,6,sub_3DE60,lib_nosym,,0,1,0,""
0x3de66,157,__flush,crt_sym,,0,10,0,""
0x3df03,52,ftell,crt_sym,,0,2,0,""
0x3df37,16,remove,crt_sym,,0,1,0,""
0x3df47,168,fputc,crt_sym,,0,4,0,""
0x3dfef,46,__delay_init,crt_sym,swi21,0,0,1,""
0x3e01d,59,__delay,crt_sym,swi21,0,1,0,""
0x3e060,49,__STOSB,crt_sym,,0,1,0,""
0x3e097,108,__STOSD,crt_sym,,0,1,0,""
0x3e103,20,sub_3E103,lib_nosym,,0,2,0,""
0x3e117,544,sub_3E117,lib_nosym,,0,2,0,""
0x3e337,265,sub_3E337,lib_nosym,,0,1,0,""
0x3e440,83,sub_3E440,lib_nosym,,0,1,0,""
0x3e493,41,sub_3E493,lib_nosym,,0,2,0,""
0x3e4bc,39,sub_3E4BC,lib_nosym,,0,1,0,""
0x3e4e3,83,sub_3E4E3,lib_nosym,,0,2,0,""
0x3e536,204,sub_3E536,lib_nosym,,0,1,0,""
0x3e602,23,sub_3E602,lib_nosym,,0,1,0,""
0x3e619,1081,sub_3E619,lib_nosym,,0,1,0,""
0x3ea52,32,sub_3EA52,lib_nosym,,0,2,0,""
0x3ea74,13,sub_3EA74,lib_nosym,,0,2,1,""
0x3ea81,13,sub_3EA81,lib_nosym,,0,2,0,""
0x3ea8e,294,sub_3EA8E,lib_nosym,,0,0,1,""
0x3ebb4,48,sub_3EBB4,lib_nosym,,0,2,0,""
0x3ebe4,51,sub_3EBE4,lib_nosym,,0,1,0,""
0x3ec17,101,sub_3EC17,lib_nosym,,0,1,0,""
0x3ec7c,238,sub_3EC7C,lib_nosym,swi21|swi31,0,1,0,""
0x3ed6a,59,sub_3ED6A,lib_nosym,swi21,0,1,0,""
0x3eda5,44,sub_3EDA5,lib_nosym,swi21|swi31,0,1,0,""
0x3edd1,39,sub_3EDD1,lib_nosym,swi31,0,1,0,""
0x3ee4d,534,sub_3EE4D,lib_nosym,swi31,0,0,0,""
0x3f063,69,sub_3F063,lib_nosym,swi31,0,1,0,""
0x3f0a8,4,sub_3F0A8,lib_nosym,,0,1,0,""
0x3f0ac,21,sub_3F0AC,lib_nosym,,0,1,0,""
0x3f113,218,sub_3F113,lib_nosym,swi31,0,1,0,""
0x3f1ed,61,sub_3F1ED,lib_nosym,,0,1,0,""
0x3f22a,12,sub_3F22A,lib_nosym,,0,73,0,""
0x3f236,71,sub_3F236,lib_nosym,,0,2,0,""
0x3f27d,40,sub_3F27D,lib_nosym,,0,1,0,""
0x3f2a5,39,sub_3F2A5,lib_nosym,,0,1,0,""
0x3f2cc,36,sub_3F2CC,lib_nosym,,0,1,0,""
0x3f2f0,48,sub_3F2F0,lib_nosym,,0,2,0,""
0x3f320,36,sub_3F320,lib_nosym,,0,0,0,""
0x3f344,48,sub_3F344,lib_nosym,,0,1,0,""
0x3f374,36,sub_3F374,lib_nosym,,0,0,0,""
0x3f398,48,sub_3F398,lib_nosym,,0,1,0,""
0x3f3c8,48,sub_3F3C8,lib_nosym,,0,2,0,""
0x3f3f8,66,sub_3F3F8,lib_nosym,,0,0,0,""
0x3f43a,12,sub_3F43A,lib_nosym,,0,0,0,""
0x3f446,37,sub_3F446,lib_nosym,,0,1,1,""
0x3f46b,32,fprintf,crt_sym,,0,117,0,""
0x3f48b,85,getenv,crt_sym,,0,5,0,""
0x3f4e0,133,sub_3F4E0,lib_nosym,,0,1,2,""
0x3f565,79,sub_3F565,lib_nosym,,0,0,1,""
0x3f5b4,162,sub_3F5B4,lib_nosym,,0,4,0,""
0x3f656,737,sub_3F656,lib_nosym,,0,1,0,""
0x3f937,25,sub_3F937,lib_nosym,,0,1,0,""
0x3f950,576,sub_3F950,lib_nosym,,0,1,0,""
0x3fb90,163,sub_3FB90,lib_nosym,,0,1,0,""
0x3fc33,118,sub_3FC33,lib_nosym,,0,1,0,""
0x3fca9,262,sub_3FCA9,lib_nosym,,0,2,0,""
0x3fdaf,45,sub_3FDAF,lib_nosym,,0,1,0,""
0x3fddc,131,sub_3FDDC,lib_nosym,,0,0,2,""
0x3fe5f,32,isatty,crt_sym,swi21,0,5,0,""
0x3fe7f,40,setbuf,crt_sym,,0,1,0,""
0x3fea7,57,time,crt_sym,,0,1,0,""
0x3fee0,85,sub_3FEE0,lib_nosym,,0,2,0,""
0x3ff35,21,putchar,crt_sym,,0,2,0,""
0x3ff4a,65,sub_3FF4A,lib_nosym,,0,6,0,""
0x3ff8b,240,_asctime,crt_sym,,0,2,0,""
0x4007b,21,asctime,crt_sym,,0,2,0,""
0x40090,35,_ctime,crt_sym,,0,0,0,""
0x400b3,25,ctime,crt_sym,,0,0,0,""
0x400cc,41,strcpy,crt_sym,,0,3,0,""
0x40100,187,sub_40100,lib_nosym,,0,1,2,""
0x40240,626,sub_40240,lib_nosym,,0,4,0,""
0x406b0,1156,sub_406B0,lib_nosym,,0,1,0,""
0x40b40,249,sub_40B40,lib_nosym,,0,3,0,""
0x40cf0,1546,sub_40CF0,lib_nosym,,0,2,0,""
0x41300,120,sub_41300,lib_nosym,,0,1,0,""
0x41380,60,sub_41380,lib_nosym,,0,0,0,""
0x413c0,83,sub_413C0,lib_nosym,,0,1,0,""
0x41420,16,sub_41420,lib_nosym,,0,0,0,""
0x41430,44,sub_41430,lib_nosym,,0,0,0,""
0x41460,108,sub_41460,lib_nosym,,0,1,0,""
0x414d0,16,sub_414D0,lib_nosym,,0,1,0,""
0x414e0,173,sub_414E0,lib_nosym,,0,1,0,""
0x41590,12,sub_41590,lib_nosym,,0,1,0,""
0x415a0,37,sub_415A0,lib_nosym,,0,1,0,""
0x415d0,42,sub_415D0,lib_nosym,,0,1,0,""
0x41600,12,sub_41600,lib_nosym,,0,0,0,""
0x41610,16,sub_41610,lib_nosym,,0,1,0,""
0x41620,12,sub_41620,lib_nosym,,0,0,0,""
0x41630,30,sub_41630,lib_nosym,,0,1,0,""
0x41650,12,sub_41650,lib_nosym,,0,0,0,""
0x41660,30,sub_41660,lib_nosym,,0,1,0,""
0x41680,19,sub_41680,lib_nosym,,0,0,0,""
0x416a0,28,sub_416A0,lib_nosym,,0,0,0,""
0x416c0,18,sub_416C0,lib_nosym,,0,0,0,""
0x416e0,16,sub_416E0,lib_nosym,,0,1,0,""
0x416f0,121,sub_416F0,lib_nosym,,0,1,0,""
0x41770,22,sub_41770,lib_nosym,,0,1,0,""
0x41790,22,sub_41790,lib_nosym,,0,0,0,""
0x417b0,70,sub_417B0,lib_nosym,,0,1,0,""
0x41800,27,sub_41800,lib_nosym,,0,0,0,""
0x41820,27,sub_41820,lib_nosym,,0,0,0,""
0x41840,27,sub_41840,lib_nosym,,0,1,0,""
0x41860,32,sub_41860,lib_nosym,,0,0,0,""
0x41880,23,sub_41880,lib_nosym,,0,0,0,""
0x418b0,152,sub_418B0,lib_nosym,,0,0,0,""
0x41950,132,sub_41950,lib_nosym,,0,0,0,""
0x419e0,84,sub_419E0,lib_nosym,,0,0,0,""
0x41a40,180,sub_41A40,lib_nosym,,0,0,2,""
0x41af4,40,sub_41AF4,lib_nosym,,0,1,2,""
0x41b1c,10,sub_41B1C,lib_nosym,,0,5,0,""
0x41b26,54,sub_41B26,lib_nosym,,0,1,1,""
0x41b84,599,sub_41B84,lib_nosym,,0,3,0,""
0x41ddb,16,sub_41DDB,lib_nosym,,0,0,1,""
0x41deb,214,sub_41DEB,lib_nosym,,0,2,0,""
0x41ec1,301,sub_41EC1,lib_nosym,,0,0,0,""
0x41fee,216,sub_41FEE,lib_nosym,,0,0,0,""
0x420c6,27,sub_420C6,lib_nosym,,0,0,0,""
0x420e1,38,sub_420E1,lib_nosym,,0,0,2,""
0x42110,243,sub_42110,lib_nosym,,0,1,2,""
0x42270,77,sub_42270,lib_nosym,,0,2,0,""
0x422c0,280,sub_422C0,lib_nosym,,0,21,0,""
0x424b0,45,sub_424B0,lib_nosym,,0,1,0,""
0x42520,282,sub_42520,lib_nosym,,0,1,0,""
0x42640,376,sub_42640,lib_nosym,,0,1,0,""
0x427c0,435,sub_427C0,lib_nosym,,0,1,0,""
0x42980,1094,sub_42980,lib_nosym,,0,22,0,""
0x42dd0,198,sub_42DD0,lib_nosym,,0,1,0,""
0x42ea0,176,sub_42EA0,lib_nosym,,0,1,0,""
0x42f50,528,sub_42F50,lib_nosym,,0,2,0,""
0x43160,171,sub_43160,lib_nosym,,0,3,0,""
0x43230,61,sub_43230,lib_nosym,,0,1,0,""
0x439a0,206,sub_439A0,lib_nosym,,0,3,0,""
0x43ad0,1698,sub_43AD0,lib_nosym,,0,2,0,""
0x44180,120,sub_44180,lib_nosym,,0,1,0,""
0x44200,60,sub_44200,lib_nosym,,0,0,0,""
0x44240,83,sub_44240,lib_nosym,,0,1,0,""
0x442a0,16,sub_442A0,lib_nosym,,0,0,0,""
0x442b0,122,sub_442B0,lib_nosym,,0,0,0,""
0x44330,113,sub_44330,lib_nosym,,0,1,0,""
0x443b0,27,sub_443B0,lib_nosym,,0,0,0,""
0x443d0,946,sub_443D0,lib_nosym,,0,1,0,""
0x44790,51,sub_44790,lib_nosym,,0,1,0,""
0x447d0,193,sub_447D0,lib_nosym,,0,1,0,""
0x448a0,142,sub_448A0,lib_nosym,,0,0,0,""
0x44930,33,sub_44930,lib_nosym,,0,1,0,""
0x44960,16,sub_44960,lib_nosym,,0,1,0,""
0x44970,105,sub_44970,lib_nosym,,0,0,0,""
0x449e0,128,sub_449E0,lib_nosym,,0,1,0,""
0x44a60,12,sub_44A60,lib_nosym,,0,0,0,""
0x44a70,18,sub_44A70,lib_nosym,,0,0,0,""
0x44a90,12,sub_44A90,lib_nosym,,0,0,0,""
0x44aa0,12,sub_44AA0,lib_nosym,,0,0,0,""
0x44ab0,52,sub_44AB0,lib_nosym,,0,0,0,""
0x44af0,252,sub_44AF0,lib_nosym,,0,0,0,""
0x44bf0,62,sub_44BF0,lib_nosym,,0,0,0,""
0x44c30,59,sub_44C30,lib_nosym,,0,0,0,""
0x44c70,44,sub_44C70,lib_nosym,,0,0,0,""
0x44ca0,43,sub_44CA0,lib_nosym,,0,0,0,""
0x44cd0,58,sub_44CD0,lib_nosym,,0,0,0,""
0x44d10,110,sub_44D10,lib_nosym,,0,0,0,""
0x44d80,137,sub_44D80,lib_nosym,,0,1,0,""
0x44e10,21,sub_44E10,lib_nosym,,0,0,0,""
0x44e30,21,sub_44E30,lib_nosym,,0,0,0,""
0x44e50,21,sub_44E50,lib_nosym,,0,0,0,""
0x44e70,21,sub_44E70,lib_nosym,,0,1,0,""
0x44e90,21,sub_44E90,lib_nosym,,0,1,0,""
0x44eb0,32,sub_44EB0,lib_nosym,,0,0,0,""
0x44ed0,23,sub_44ED0,lib_nosym,,0,0,0,""
0x44ef0,16,sub_44EF0,lib_nosym,,0,0,0,""
0x44f00,431,sub_44F00,lib_nosym,,0,1,0,""
0x450b0,295,sub_450B0,lib_nosym,,0,1,0,""
0x451e0,52,sub_451E0,lib_nosym,,0,1,0,""
0x45220,24,sub_45220,lib_nosym,,0,0,0,""
0x45240,171,sub_45240,lib_nosym,,0,0,0,""
0x452f0,134,sub_452F0,lib_nosym,,0,0,0,""
0x45380,240,sub_45380,lib_nosym,,0,0,2,""
0x45670,40,sub_45670,lib_nosym,,0,1,2,""
0x45698,437,sub_45698,lib_nosym,,0,0,0,""
0x4584d,51,sub_4584D,lib_nosym,,0,0,0,""
0x45880,112,sub_45880,lib_nosym,,0,0,0,""
0x458f0,261,sub_458F0,lib_nosym,,0,0,0,""
0x45e21,376,sub_45E21,lib_nosym,,0,0,0,""
0x45f99,84,sub_45F99,lib_nosym,,0,0,0,""
0x45fed,38,sub_45FED,lib_nosym,,0,0,2,""
0x46013,136,__math87_err,crt_sym,,0,2,0,""
0x4609b,79,__CMain,crt_sym,,0,1,0,""
0x460ea,67,__InitRtns,crt_sym,,0,1,0,""
0x4612d,67,__FiniRtns,crt_sym,,0,1,0,""
0x46170,21,sub_46170,lib_nosym,,0,0,1,""
0x46186,49,__sys_init_387_emulator,crt_sym,,0,1,0,""
0x461b7,200,sub_461B7,lib_nosym,swi21,0,1,0,""
0x4627f,27,sub_4627F,lib_nosym,,0,2,0,""
0x4629a,76,sub_4629A,lib_nosym,swi21,0,1,0,""
0x462e6,32,sub_462E6,lib_nosym,swi21,0,2,0,""
0x46306,122,__sys_fini_387_emulator,crt_sym,swi21,0,1,0,""
0x46380,58,sub_46380,lib_nosym,swi21,0,1,0,""
0x463ba,33,sub_463BA,lib_nosym,swi21,0,2,0,""
0x463db,12,sub_463DB,lib_nosym,,0,0,1,""
0x463e7,11,sub_463E7,lib_nosym,,0,0,1,""
0x463f2,41,__init_8087,crt_sym,,0,1,0,""
0x46425,63,__chk8087,crt_sym,,0,0,1,""
0x46464,179,__Init_Argv,crt_sym,,0,0,1,""
0x46517,219,sub_46517,lib_nosym,,0,2,0,""
0x465f2,24,_dosret0,crt_sym,,0,0,0,""
0x4660a,23,_dosretax,crt_sym,,0,1,0,""
0x46632,112,_set_errno,crt_sym,,0,9,0,""
0x466a2,82,__IOMode,crt_sym,,0,5,0,""
0x466f4,24,__SetIOMode,crt_sym,,0,3,0,""
0x4670c,9,sub_4670C,lib_nosym,,0,2,0,""
0x46728,157,sbrk,crt_sym,swi21|swi31,0,0,0,""
0x467c5,170,__brk,crt_sym,swi21,0,2,0,""
0x46870,55,__int386x_,crt_sym,,0,1,0,""
0x468a7,36,sub_468A7,lib_nosym,,0,1,0,""
0x468cb,74,_DoINTR_,crt_sym,,0,0,0,""
0x46915,51,sub_46915,lib_nosym,,0,1,0,""
0x46c48,69,sub_46C48,lib_nosym,,0,0,1,""
0x46c8d,15,__full_io_exit,crt_sym,,0,0,1,""
0x46ca7,78,sub_46CA7,lib_nosym,,0,1,0,""
0x46d00,56,__flushall,crt_sym,,0,1,0,""
0x46d38,27,sub_46D38,lib_nosym,swi21,0,1,0,""
0x46d53,125,__qwrite,crt_sym,swi21,0,1,0,""
0x46dd0,36,unlink,crt_sym,swi21,0,1,0,""
0x46e19,72,sub_46E19,lib_nosym,,0,1,0,""
0x46e61,48,sub_46E61,lib_nosym,,0,3,0,""
0x46e91,12,sub_46E91,lib_nosym,,0,1,2,""
0x46ec2,72,sub_46EC2,lib_nosym,,0,2,0,""
0x46f0a,48,sub_46F0A,lib_nosym,,0,2,0,""
0x46f3a,21,toupper,crt_sym,,0,2,0,""
0x46f4f,77,strnicmp,crt_sym,,0,15,0,""
0x46f9c,106,sub_46F9C,lib_nosym,,0,1,0,""
0x47006,51,strncpy,crt_sym,,0,2,0,""
0x47039,120,setvbuf,crt_sym,,0,1,0,""
0x470b1,162,__getctime,crt_sym,swi21,0,1,0,""
0x47153,284,sub_47153,lib_nosym,,0,1,0,""
0x4726f,27,tzset,crt_sym,,0,2,0,""
0x4728a,41,sub_4728A,lib_nosym,,0,9,0,""
0x472b3,227,sub_472B3,lib_nosym,,0,2,0,""
0x47396,242,sub_47396,lib_nosym,,0,2,0,""
0x47488,157,__parse_tz,crt_sym,,0,1,0,""
0x47525,303,sub_47525,lib_nosym,,0,4,0,""
0x47654,36,sub_47654,lib_nosym,,0,1,0,""
0x47678,21,putchar_0,crt_sym,,0,0,0,""
0x4768d,52,__leapyear,crt_sym,,0,6,0,""
0x476c1,609,__isindst,crt_sym,,0,2,0,""
0x47922,48,sub_47922,lib_nosym,,0,2,0,""
0x47952,51,div,crt_sym,,0,2,0,""
0x47d88,17,sub_47D88,lib_nosym,,0,2,1,""
0x47d99,12,sub_47D99,lib_nosym,,0,2,1,""
0x47da5,31,sub_47DA5,lib_nosym,,0,1,1,""
0x47dc4,20,sub_47DC4,lib_nosym,,0,1,1,""
0x47dd8,31,sub_47DD8,lib_nosym,,0,1,1,""
0x47df7,20,sub_47DF7,lib_nosym,,0,1,1,""
0x47e0b,29,sub_47E0B,lib_nosym,,0,1,1,""
0x47e28,18,sub_47E28,lib_nosym,,0,1,1,""
0x47e3a,29,sub_47E3A,lib_nosym,,0,1,1,""
0x47e57,18,sub_47E57,lib_nosym,,0,1,1,""
0x47e69,20,sub_47E69,lib_nosym,,0,1,1,""
0x47e7d,15,sub_47E7D,lib_nosym,,0,1,1,""
0x47e8c,22,sub_47E8C,lib_nosym,,0,1,1,""
0x47ea2,17,sub_47EA2,lib_nosym,,0,1,1,""
0x47eb3,33,sub_47EB3,lib_nosym,,0,1,1,""
0x47ed4,22,sub_47ED4,lib_nosym,,0,1,1,""
0x47eea,33,sub_47EEA,lib_nosym,,0,1,1,""
0x47f0b,22,sub_47F0B,lib_nosym,,0,1,1,""
0x47f21,37,sub_47F21,lib_nosym,,0,1,1,""
0x47f46,26,sub_47F46,lib_nosym,,0,1,1,""
0x47f60,37,sub_47F60,lib_nosym,,0,1,1,""
0x47f85,26,sub_47F85,lib_nosym,,0,1,1,""
0x47f9f,35,sub_47F9F,lib_nosym,,0,1,1,""
0x47fc2,24,sub_47FC2,lib_nosym,,0,1,1,""
0x47fda,35,sub_47FDA,lib_nosym,,0,1,1,""
0x47ffd,24,sub_47FFD,lib_nosym,,0,1,1,""
0x48015,39,sub_48015,lib_nosym,,0,1,1,""
0x4803c,28,sub_4803C,lib_nosym,,0,1,1,""
0x48058,39,sub_48058,lib_nosym,,0,1,1,""
0x4807f,28,sub_4807F,lib_nosym,,0,1,1,""
0x4809b,45,sub_4809B,lib_nosym,,0,1,1,""
0x480c8,40,sub_480C8,lib_nosym,,0,1,1,""
0x480f0,89,sub_480F0,lib_nosym,,0,1,1,""
0x48149,78,sub_48149,lib_nosym,,0,1,1,""
0x48197,89,sub_48197,lib_nosym,,0,1,1,""
0x481f0,78,sub_481F0,lib_nosym,,0,1,1,""
0x4823e,87,sub_4823E,lib_nosym,,0,1,1,""
0x48295,76,sub_48295,lib_nosym,,0,1,1,""
0x482e1,87,sub_482E1,lib_nosym,,0,1,1,""
0x48338,76,sub_48338,lib_nosym,,0,1,1,""
0x48384,48,sub_48384,lib_nosym,,0,1,1,""
0x483b4,43,sub_483B4,lib_nosym,,0,1,1,""
0x483df,50,sub_483DF,lib_nosym,,0,1,1,""
0x48411,45,sub_48411,lib_nosym,,0,1,1,""
0x4843e,91,sub_4843E,lib_nosym,,0,1,1,""
0x48499,80,sub_48499,lib_nosym,,0,1,1,""
0x484e9,91,sub_484E9,lib_nosym,,0,1,1,""
0x48544,80,sub_48544,lib_nosym,,0,1,1,""
0x48594,95,sub_48594,lib_nosym,,0,1,1,""
0x485f3,84,sub_485F3,lib_nosym,,0,1,1,""
0x48647,95,sub_48647,lib_nosym,,0,1,1,""
0x486a6,84,sub_486A6,lib_nosym,,0,1,1,""
0x486fa,93,sub_486FA,lib_nosym,,0,1,1,""
0x48757,82,sub_48757,lib_nosym,,0,1,1,""
0x487a9,93,sub_487A9,lib_nosym,,0,1,1,""
0x48806,82,sub_48806,lib_nosym,,0,1,1,""
0x48858,97,sub_48858,lib_nosym,,0,1,1,""
0x488b9,86,sub_488B9,lib_nosym,,0,1,1,""
0x4890f,97,sub_4890F,lib_nosym,,0,1,1,""
0x48970,86,sub_48970,lib_nosym,,0,1,1,""
0x489c6,33,sub_489C6,lib_nosym,,0,2,1,""
0x489e7,36,sub_489E7,lib_nosym,,0,2,1,""
0x48a0b,44,sub_48A0B,lib_nosym,,0,2,1,""
0x48a37,50,sub_48A37,lib_nosym,,0,2,1,""
0x48a69,44,sub_48A69,lib_nosym,,0,1,1,""
0x48a95,50,sub_48A95,lib_nosym,,0,1,1,""
0x48ac7,36,sub_48AC7,lib_nosym,,0,1,1,""
0x48aeb,39,sub_48AEB,lib_nosym,,0,1,1,""
0x48b12,46,sub_48B12,lib_nosym,,0,1,1,""
0x48b40,52,sub_48B40,lib_nosym,,0,1,1,""
0x48b74,46,sub_48B74,lib_nosym,,0,1,1,""
0x48ba2,52,sub_48BA2,lib_nosym,,0,1,1,""
0x48bd6,28,sub_48BD6,lib_nosym,,0,1,1,""
0x48bf2,31,sub_48BF2,lib_nosym,,0,1,1,""
0x48c11,33,sub_48C11,lib_nosym,,0,1,1,""
0x48c32,39,sub_48C32,lib_nosym,,0,1,1,""
0x48c59,33,sub_48C59,lib_nosym,,0,1,1,""
0x48c7a,39,sub_48C7A,lib_nosym,,0,1,1,""
0x48ca1,31,sub_48CA1,lib_nosym,,0,1,1,""
0x48cc0,34,sub_48CC0,lib_nosym,,0,1,1,""
0x48ce2,35,sub_48CE2,lib_nosym,,0,1,1,""
0x48d05,41,sub_48D05,lib_nosym,,0,1,1,""
0x48d2e,35,sub_48D2E,lib_nosym,,0,1,1,""
0x48d51,41,sub_48D51,lib_nosym,,0,1,1,""
0x48d7a,44,sub_48D7A,lib_nosym,,0,1,1,""
0x48da6,47,sub_48DA6,lib_nosym,,0,1,1,""
0x48dd5,58,sub_48DD5,lib_nosym,,0,1,1,""
0x48e0f,64,sub_48E0F,lib_nosym,,0,1,1,""
0x48e4f,58,sub_48E4F,lib_nosym,,0,1,1,""
0x48e89,64,sub_48E89,lib_nosym,,0,1,1,""
0x48ec9,50,sub_48EC9,lib_nosym,,0,1,1,""
0x48efb,53,sub_48EFB,lib_nosym,,0,1,1,""
0x48f30,60,sub_48F30,lib_nosym,,0,1,1,""
0x48f6c,66,sub_48F6C,lib_nosym,,0,1,1,""
0x48fae,60,sub_48FAE,lib_nosym,,0,1,1,""
0x48fea,66,sub_48FEA,lib_nosym,,0,1,1,""
0x4902c,39,sub_4902C,lib_nosym,,0,1,1,""
0x49053,42,sub_49053,lib_nosym,,0,1,1,""
0x4907d,47,sub_4907D,lib_nosym,,0,1,1,""
0x490ac,53,sub_490AC,lib_nosym,,0,1,1,""
0x490e1,47,sub_490E1,lib_nosym,,0,1,1,""
0x49110,53,sub_49110,lib_nosym,,0,1,1,""
0x49145,45,sub_49145,lib_nosym,,0,1,1,""
0x49172,48,sub_49172,lib_nosym,,0,1,1,""
0x491a2,49,sub_491A2,lib_nosym,,0,1,1,""
0x491d3,55,sub_491D3,lib_nosym,,0,1,1,""
0x4920a,49,sub_4920A,lib_nosym,,0,1,1,""
0x4923b,55,sub_4923B,lib_nosym,,0,1,1,""
0x49272,28,sub_49272,lib_nosym,,0,1,1,""
0x4928e,38,sub_4928E,lib_nosym,,0,1,1,""
0x492b4,33,sub_492B4,lib_nosym,,0,1,1,""
0x492d5,43,sub_492D5,lib_nosym,,0,1,1,""
0x49300,33,sub_49300,lib_nosym,,0,1,1,""
0x49321,43,sub_49321,lib_nosym,,0,1,1,""
0x4934c,31,sub_4934C,lib_nosym,,0,1,1,""
0x4936b,41,sub_4936B,lib_nosym,,0,1,1,""
0x49394,34,sub_49394,lib_nosym,,0,1,1,""
0x493b6,44,sub_493B6,lib_nosym,,0,1,1,""
0x493e2,34,sub_493E2,lib_nosym,,0,1,1,""
0x49404,44,sub_49404,lib_nosym,,0,1,1,""
0x49430,39,sub_49430,lib_nosym,,0,1,1,""
0x49457,49,sub_49457,lib_nosym,,0,1,1,""
0x49488,47,sub_49488,lib_nosym,,0,1,1,""
0x494b7,57,sub_494B7,lib_nosym,,0,1,1,""
0x494f0,47,sub_494F0,lib_nosym,,0,1,1,""
0x4951f,57,sub_4951F,lib_nosym,,0,1,1,""
0x49558,45,sub_49558,lib_nosym,,0,1,1,""
0x49585,55,sub_49585,lib_nosym,,0,1,1,""
0x495bc,48,sub_495BC,lib_nosym,,0,1,1,""
0x495ec,58,sub_495EC,lib_nosym,,0,1,1,""
0x49626,48,sub_49626,lib_nosym,,0,1,1,""
0x49656,58,sub_49656,lib_nosym,,0,1,1,""
0x49690,513,sub_49690,lib_nosym,,0,0,0,""
0x49891,146,sub_49891,lib_nosym,,0,6,0,""
0x49923,44,sub_49923,lib_nosym,,0,3,0,""
0x4994f,47,sub_4994F,lib_nosym,,0,1,1,""
0x4997e,50,strncmp,crt_sym,,0,8,0,""
0x499b0,42,__math1err,crt_sym,,0,2,0,""
0x499da,243,__math2err,crt_sym,,0,1,0,""
0x49acd,11,sub_49ACD,lib_nosym,,0,1,0,""
0x49ad8,223,_EFG_Format,crt_sym,,0,0,1,""
0x49bb7,76,sub_49BB7,lib_nosym,,0,1,0,""
0x49c03,35,__cnvs2d,crt_sym,,0,0,1,""
0x49c26,207,sub_49C26,lib_nosym,swi21|swi31,0,2,0,""
0x49cf5,85,sub_49CF5,lib_nosym,swi21,0,2,0,""
0x4a104,308,sub_4A104,lib_nosym,,0,48,2,""
0x4a238,60,sub_4A238,lib_nosym,,0,0,1,""
0x4a274,50,sub_4A274,lib_nosym,,0,0,1,""
0x4a314,78,sub_4A314,lib_nosym,,0,4,0,""
0x4a362,6,sub_4A362,lib_nosym,,0,2,2,""
0x4a368,6,sub_4A368,lib_nosym,,0,2,2,""
0x4a36e,6,sub_4A36E,lib_nosym,,0,2,2,""
0x4a374,6,sub_4A374,lib_nosym,,0,2,2,""
0x4a37a,8,sub_4A37A,lib_nosym,,0,2,1,""
0x4a382,6,sub_4A382,lib_nosym,,0,2,2,""
0x4a388,6,sub_4A388,lib_nosym,,0,2,2,""
0x4a38e,6,sub_4A38E,lib_nosym,,0,2,2,""
0x4a394,8,sub_4A394,lib_nosym,,0,2,2,""
0x4a39c,8,sub_4A39C,lib_nosym,,0,2,2,""
0x4a3a4,8,sub_4A3A4,lib_nosym,,0,2,2,""
0x4a3ac,8,sub_4A3AC,lib_nosym,,0,2,2,""
0x4a3b4,10,sub_4A3B4,lib_nosym,,0,2,1,""
0x4a3be,10,sub_4A3BE,lib_nosym,,0,2,2,""
0x4a3c8,8,sub_4A3C8,lib_nosym,,0,2,2,""
0x4a3d0,8,sub_4A3D0,lib_nosym,,0,2,2,""
0x4a3d8,9,sub_4A3D8,lib_nosym,,0,2,2,""
0x4a3e1,9,sub_4A3E1,lib_nosym,,0,2,2,""
0x4a3ea,9,sub_4A3EA,lib_nosym,,0,2,2,""
0x4a3f3,9,sub_4A3F3,lib_nosym,,0,2,2,""
0x4a3fc,11,sub_4A3FC,lib_nosym,,0,2,1,""
0x4a407,11,sub_4A407,lib_nosym,,0,2,2,""
0x4a412,9,sub_4A412,lib_nosym,,0,2,2,""
0x4a41b,9,sub_4A41B,lib_nosym,,0,2,2,""
0x4a424,56,sub_4A424,lib_nosym,,0,1,1,""
0x4a45c,5,sub_4A45C,lib_nosym,,0,2,1,""
0x4a461,31,sub_4A461,lib_nosym,,0,3,1,""
0x4a480,31,sub_4A480,lib_nosym,,0,2,1,""
0x4a49f,28,sub_4A49F,lib_nosym,,0,2,1,""
0x4a4bb,28,sub_4A4BB,lib_nosym,,0,2,1,""
0x4a4d7,31,sub_4A4D7,lib_nosym,,0,2,1,""
0x4a4f6,31,sub_4A4F6,lib_nosym,,0,2,1,""
0x4a515,31,sub_4A515,lib_nosym,,0,2,1,""
0x4a534,31,sub_4A534,lib_nosym,,0,2,1,""
0x4a553,58,sub_4A553,lib_nosym,,0,2,1,""
0x4a58d,17,sub_4A58D,lib_nosym,,0,2,1,""
0x4a59e,17,sub_4A59E,lib_nosym,,0,2,1,""
0x4a5af,30,sub_4A5AF,lib_nosym,,0,2,1,""
0x4a5cd,64,sub_4A5CD,lib_nosym,,0,2,1,""
0x4a60d,20,sub_4A60D,lib_nosym,,0,2,1,""
0x4a621,14,sub_4A621,lib_nosym,,0,2,1,""
0x4a62f,31,sub_4A62F,lib_nosym,,0,2,1,""
0x4a64e,31,sub_4A64E,lib_nosym,,0,2,1,""
0x4a66d,28,sub_4A66D,lib_nosym,,0,2,1,""
0x4a689,28,sub_4A689,lib_nosym,,0,2,1,""
0x4a6a5,31,sub_4A6A5,lib_nosym,,0,2,1,""
0x4a6c4,31,sub_4A6C4,lib_nosym,,0,2,1,""
0x4a6e3,31,sub_4A6E3,lib_nosym,,0,2,1,""
0x4a702,31,sub_4A702,lib_nosym,,0,2,1,""
0x4a721,58,sub_4A721,lib_nosym,,0,2,1,""
0x4a75b,60,sub_4A75B,lib_nosym,,0,2,1,""
0x4a797,36,sub_4A797,lib_nosym,,0,2,1,""
0x4a7bb,35,sub_4A7BB,lib_nosym,,0,2,1,""
0x4a7de,35,sub_4A7DE,lib_nosym,,0,2,1,""
0x4a801,32,sub_4A801,lib_nosym,,0,2,1,""
0x4a821,32,sub_4A821,lib_nosym,,0,2,1,""
0x4a841,35,sub_4A841,lib_nosym,,0,2,1,""
0x4a864,35,sub_4A864,lib_nosym,,0,2,1,""
0x4a887,35,sub_4A887,lib_nosym,,0,2,1,""
0x4a8aa,35,sub_4A8AA,lib_nosym,,0,2,1,""
0x4a8cd,71,sub_4A8CD,lib_nosym,,0,2,1,""
0x4a914,62,sub_4A914,lib_nosym,,0,2,1,""
0x4a952,21,sub_4A952,lib_nosym,,0,2,1,""
0x4a967,30,sub_4A967,lib_nosym,,0,2,1,""
0x4a985,21,sub_4A985,lib_nosym,,0,2,1,""
0x4a99a,71,sub_4A99A,lib_nosym,,0,2,1,""
0x4a9e1,43,sub_4A9E1,lib_nosym,,0,2,1,""
0x4aa0c,14,sub_4AA0C,lib_nosym,,0,2,1,""
0x4aa1a,33,sub_4AA1A,lib_nosym,,0,2,1,""
0x4aa3b,33,sub_4AA3B,lib_nosym,,0,2,1,""
0x4aa5c,30,sub_4AA5C,lib_nosym,,0,2,1,""
0x4aa7a,30,sub_4AA7A,lib_nosym,,0,2,1,""
0x4aa98,33,sub_4AA98,lib_nosym,,0,2,1,""
0x4aab9,33,sub_4AAB9,lib_nosym,,0,2,1,""
0x4aada,33,sub_4AADA,lib_nosym,,0,2,1,""
0x4aafb,33,sub_4AAFB,lib_nosym,,0,2,1,""
0x4ab1c,60,sub_4AB1C,lib_nosym,,0,2,1,""
0x4ab58,72,sub_4AB58,lib_nosym,,0,2,1,""
0x4aba0,48,sub_4ABA0,lib_nosym,,0,2,1,""
0x4abd0,5,sub_4ABD0,lib_nosym,,0,2,1,""
0x4abd5,58,sub_4ABD5,lib_nosym,,0,2,1,""
0x4ac0f,5,sub_4AC0F,lib_nosym,,0,2,1,""
0x4ac14,36,sub_4AC14,lib_nosym,,0,2,1,""
0x4ac38,5,sub_4AC38,lib_nosym,,0,10,8,""
0x4ac3d,45,sub_4AC3D,lib_nosym,,0,3,1,""
0x4ac6a,21,sub_4AC6A,lib_nosym,,0,3,1,""
0x4ac7f,21,sub_4AC7F,lib_nosym,,0,3,1,""
0x4ac94,18,sub_4AC94,lib_nosym,,0,3,1,""
0x4aca6,18,sub_4ACA6,lib_nosym,,0,3,1,""
0x4acb8,21,sub_4ACB8,lib_nosym,,0,3,1,""
0x4accd,21,sub_4ACCD,lib_nosym,,0,3,1,""
0x4ace2,21,sub_4ACE2,lib_nosym,,0,3,1,""
0x4acf7,21,sub_4ACF7,lib_nosym,,0,3,1,""
0x4ad0c,72,sub_4AD0C,lib_nosym,,0,3,1,""
0x4ad54,40,sub_4AD54,lib_nosym,,0,3,1,""
0x4ad7c,129,sub_4AD7C,lib_nosym,,0,3,1,""
0x4adfd,539,sub_4ADFD,lib_nosym,,0,3,1,""
0x4b018,266,sub_4B018,lib_nosym,,0,3,1,""
0x4b122,280,sub_4B122,lib_nosym,,0,3,1,""
0x4b23a,137,sub_4B23A,lib_nosym,,0,3,1,""
0x4b2c3,90,sub_4B2C3,lib_nosym,,0,3,1,""
0x4b31d,21,sub_4B31D,lib_nosym,,0,3,1,""
0x4b332,21,sub_4B332,lib_nosym,,0,3,1,""
0x4b347,21,sub_4B347,lib_nosym,,0,3,1,""
0x4b35c,21,sub_4B35C,lib_nosym,,0,3,1,""
0x4b371,21,sub_4B371,lib_nosym,,0,3,1,""
0x4b386,21,sub_4B386,lib_nosym,,0,3,1,""
0x4b39b,31,sub_4B39B,lib_nosym,,0,3,1,""
0x4b3ba,44,sub_4B3BA,lib_nosym,,0,3,1,""
0x4b3e6,18,sub_4B3E6,lib_nosym,,0,3,1,""
0x4b3f8,18,sub_4B3F8,lib_nosym,,0,3,1,""
0x4b40a,44,sub_4B40A,lib_nosym,,0,3,1,""
0x4b436,75,sub_4B436,lib_nosym,,0,3,1,""
0x4b481,75,sub_4B481,lib_nosym,,0,3,1,""
0x4b4cc,137,sub_4B4CC,lib_nosym,,0,3,1,""
0x4b555,75,sub_4B555,lib_nosym,,0,3,1,""
0x4b5a0,75,sub_4B5A0,lib_nosym,,0,3,1,""
0x4b5eb,75,sub_4B5EB,lib_nosym,,0,3,1,""
0x4b636,75,sub_4B636,lib_nosym,,0,3,1,""
0x4b681,409,sub_4B681,lib_nosym,,0,3,1,""
0x4b81a,14,sub_4B81A,lib_nosym,,0,14,0,""
0x4b828,42,sub_4B828,lib_nosym,,0,7,0,""
0x4b852,48,sub_4B852,lib_nosym,,0,9,0,""
0x4b882,364,sub_4B882,lib_nosym,,0,15,0,""
0x4b9ee,153,sub_4B9EE,lib_nosym,,0,15,0,""
0x4ba87,42,sub_4BA87,lib_nosym,,0,15,0,""
0x4bab1,427,sub_4BAB1,lib_nosym,,0,7,0,""
0x4bc5c,42,sub_4BC5C,lib_nosym,,0,8,0,""
0x4bc86,252,sub_4BC86,lib_nosym,,0,16,0,""
0x4bdd7,5,sub_4BDD7,lib_nosym,,0,6,0,""
0x4bddc,106,sub_4BDDC,lib_nosym,,0,1,0,""
0x4be46,17,sub_4BE46,lib_nosym,,0,19,0,""
0x4be57,53,sub_4BE57,lib_nosym,,0,2,0,""
0x4be8c,128,sub_4BE8C,lib_nosym,,0,9,0,""
0x4bf0c,127,sub_4BF0C,lib_nosym,,0,2,0,""
0x4bf8b,199,sub_4BF8B,lib_nosym,,0,2,0,""
0x4c052,69,sub_4C052,lib_nosym,,0,9,0,""
0x4c117,307,sub_4C117,lib_nosym,,0,6,0,""
0x4c2a4,182,sub_4C2A4,lib_nosym,,0,1,0,""
0x4c35a,355,sub_4C35A,lib_nosym,,0,1,0,""
0x4c4bd,102,sub_4C4BD,lib_nosym,,0,2,0,""
0x4c523,123,sub_4C523,lib_nosym,,0,2,0,""
0x4c59e,167,sub_4C59E,lib_nosym,,0,1,0,""
0x4c68c,25,sub_4C68C,lib_nosym,,0,1,0,""
0x4c6a5,67,sub_4C6A5,lib_nosym,,0,2,0,""
0x4c6e8,465,sub_4C6E8,lib_nosym,,0,1,0,""
0x4c980,503,sub_4C980,lib_nosym,,0,3,0,""
0x4cb77,10,sub_4CB77,lib_nosym,,0,2,0,""
0x4cb81,13,sub_4CB81,lib_nosym,,0,2,0,""
0x4cb8e,13,sub_4CB8E,lib_nosym,,0,1,0,""
0x4cbc4,468,sub_4CBC4,lib_nosym,,0,1,0,""
0x4cd98,204,sub_4CD98,lib_nosym,,0,1,0,""
0x4ce84,82,sub_4CE84,lib_nosym,,0,4,0,""
0x4ced6,72,sub_4CED6,lib_nosym,,0,2,0,""
0x4cf1e,1,nullsub_2,lib_nosym,,0,0,2,""
0x4cf4d,228,sub_4CF4D,lib_nosym,,0,0,1,""
0x4d031,13,_set_matherr,crt_sym,,0,0,0,""
0x4d03e,133,_matherr,crt_sym,,0,1,0,""
0x4d0c3,13,_SetMaxPrec,crt_sym,,0,0,0,""
0x4d0d0,164,sub_4D0D0,lib_nosym,,0,1,0,""
0x4d174,124,sub_4D174,lib_nosym,,0,2,0,""
0x4d1f0,107,sub_4D1F0,lib_nosym,,0,1,0,""
0x4d25b,577,_FtoS,crt_sym,,0,1,0,""
0x4d49c,442,strtod,crt_sym,,0,1,0,""
0x4d656,55,_dos_setvect,crt_sym,swi21,0,1,0,""
0x4d690,5,j___nmemneed_0,crt_sym,,0,1,1,""
0x4d695,121,fputs,crt_sym,,0,3,0,""
0x4d70e,7,__set_EDOM,crt_sym,,0,1,0,""
0x4d715,17,__set_ERANGE,crt_sym,,0,3,0,""
0x4d726,11,__FPE_exception_,crt_sym,,0,0,0,""
0x4d731,110,__Nan_Inf,crt_sym,,0,2,0,""
0x4d7a0,14,fabs,crt_sym,,0,1,0,""
0x4d7b4,2,IF@DLOG,crt_sym,,0,0,0,""
0x4d800,4,IF@DLOG2,crt_sym,,0,0,0,""
0x4d804,4,IF@DLOG10,crt_sym,,0,1,0,""
0x4d81b,19,log10,crt_sym,,0,1,0,""
0x4d841,75,_Scale,crt_sym,,0,2,0,""
0x4d88c,218,_Scale10V,crt_sym,,0,3,0,""
0x4d966,420,sub_4D966,lib_nosym,,0,1,0,""
0x4db0c,144,__ModF,crt_sym,,0,0,0,""
0x4db9c,75,__ZBuf2F,crt_sym,,0,1,0,""
0x4dbe7,83,sub_4DBE7,lib_nosym,,0,2,0,""
0x4dc3a,7,__nmemneed_0,crt_sym,,0,1,0,""
0x4dc41,72,__log87_err,crt_sym,,0,1,0,""
0x4dc8c,58,__CmpBigInt,crt_sym,,0,1,0,""
0x4dcc6,107,__Rnd2Int,crt_sym,,0,1,0,""
0x4dd31,114,__Bin2String,crt_sym,,0,1,0,""
0x4de58,2,sub_4DE58,lib_nosym,,0,0,0,""
0x4de5a,88,frexp,crt_sym,,0,1,0,""
0x4deb4,32,modf,crt_sym,,0,1,0,""
0x4ded4,24,sub_4DED4,lib_nosym,,1,0,0,""
0x4deec,29,sub_4DEEC,lib_nosym,,2,0,0,""
0x4df09,31,sub_4DF09,lib_nosym,,4,0,0,""
0x4df28,36,sub_4DF28,lib_nosym,,9,0,0,""
0x4df4c,56,sub_4DF4C,lib_nosym,,32,0,0,""
0x4df84,146,sub_4DF84,lib_nosym,,1,0,0,""
0x4e016,140,sub_4E016,lib_nosym,,1,0,0,""
0x4e0a2,133,sub_4E0A2,lib_nosym,,1,0,0,""
0x4e127,127,sub_4E127,lib_nosym,,2,0,0,""
0x4e1a6,132,sub_4E1A6,lib_nosym,,2,0,0,""
0x4e22a,114,sub_4E22A,lib_nosym,,13,0,0,""
0x4e29c,116,sub_4E29C,lib_nosym,,5,0,0,""
0x4e310,12,sub_4E310,lib_nosym,,0,2,0,""
0x4e31c,101,sub_4E31C,lib_nosym,,15,0,0,""
0x4e381,15,sub_4E381,lib_nosym,,64,0,0,""
0x4e390,156,sub_4E390,lib_nosym,,6,0,0,""
0x4e42c,146,sub_4E42C,lib_nosym,,0,5,0,""
0x4e4be,56,sub_4E4BE,lib_nosym,,0,4,0,""
0x4e4f6,214,sub_4E4F6,lib_nosym,,5,0,0,""
0x4e5cc,180,sub_4E5CC,lib_nosym,,0,5,0,""
0x4e680,131,sub_4E680,lib_nosym,,0,4,0,""
0x4e703,28,sub_4E703,lib_nosym,,0,1,0,""
0x4e71f,50,sub_4E71F,lib_nosym,,0,2,0,""
0x4e751,68,sub_4E751,lib_nosym,,0,2,0,""
0x4e795,72,sub_4E795,lib_nosym,,0,0,0,""
0x4e7dd,21,sub_4E7DD,lib_nosym,,3,0,0,""
0x4e7f2,23,sub_4E7F2,lib_nosym,,1,0,0,""
0x4e809,24,sub_4E809,lib_nosym,,7,0,0,""
0x4e821,23,sub_4E821,lib_nosym,,4,0,0,""
0x4e838,23,sub_4E838,lib_nosym,,2,0,0,""
0x4e84f,23,sub_4E84F,lib_nosym,,4,0,0,""
0x4e866,23,sub_4E866,lib_nosym,,11,0,0,""
0x4e87d,17,sub_4E87D,lib_nosym,,1,0,0,""
0x4e88e,23,sub_4E88E,lib_nosym,,1,0,0,""
0x4e8a5,23,sub_4E8A5,lib_nosym,,8,0,0,""
0x4e8bc,23,sub_4E8BC,lib_nosym,,23,0,0,""
0x4e8d3,186,sub_4E8D3,lib_nosym,,4,0,0,""
0x4e98d,443,sub_4E98D,lib_nosym,,39,0,0,""
0x4eb48,17,sub_4EB48,lib_nosym,,1,0,0,""
0x4eb59,82,sub_4EB59,lib_nosym,,2,0,0,""
0x4ebab,56,sub_4EBAB,lib_nosym,,9,0,0,""
0x4ebe3,28,sub_4EBE3,lib_nosym,,40,0,0,""
0x4ebff,50,sub_4EBFF,lib_nosym,,36,0,0,""
0x4ec31,52,sub_4EC31,lib_nosym,,5,0,0,""
0x4ec66,22,sub_4EC66,lib_nosym,,0,3,0,""
0x4ec7c,40,sub_4EC7C,lib_nosym,,1,0,0,""
0x4eca4,27,sub_4ECA4,lib_nosym,,0,1,0,""
0x4ecbf,49,sub_4ECBF,lib_nosym,,7,0,0,""
0x4ecf0,27,sub_4ECF0,lib_nosym,,0,1,0,""
0x4ed0b,41,sub_4ED0B,lib_nosym,,1,0,0,""
0x4ed34,27,sub_4ED34,lib_nosym,,10,0,0,""
0x4ed4f,43,sub_4ED4F,lib_nosym,,0,1,0,""
0x4ed7a,188,sub_4ED7A,lib_nosym,,2,0,0,""
0x4eee0,73,sub_4EEE0,lib_nosym,,1,0,0,""
