addr,c_name,source_file,group,check,cases,status,note
0x10620,kbd_pending,src/game/kbd.c,svc,leafcheck,72000,wired (repl.c),
0x10652,world_load_tiles,src/game/world_load.c,menu,?,?,wired (repl.c),
0x1088D,world_load_party,src/game/world_load.c,menu,?,?,wired (repl.c),
0x10B4E,unit_sprites_build,src/game/unit_load.c,unitld,?,?,wired (repl.c),
0x10C50,unit_entry_build,src/game/unit_load.c,unitld,?,?,wired (repl.c),
0x11019,unit_entry_data,src/game/unit_load.c,unitld,?,?,wired (repl.c),
0x111BA,res_load,src/game/res.c,res,rescheck,160,wired (repl.c),LMI resource loader; heap via guest_mem
0x112A5,unit_add,src/game/unit.c,rec,reccheck,36327,wired (repl.c),persistent party roster (0x1145A/0x11506/0x112A5)
0x1145A,unit_recalc,src/game/unit.c,rec,reccheck,36327,wired (repl.c),persistent party roster (0x1145A/0x11506/0x112A5)
0x11506,unit_refresh_all,src/game/unit.c,rec,reccheck,36327,wired (repl.c),persistent party roster (0x1145A/0x11506/0x112A5)
0x11AA8,ev4_11AA8,src/game/ev4.c,ev4,ev2check,6000,wired (repl.c),scene move/map batch 4 (0x1366A + steppers + 0x196CB); obj1/obj2 + VGA + buffers
0x11B48,ev4_11B48,src/game/ev4.c,ev4,ev2check,6000,wired (repl.c),scene move/map batch 4 (0x1366A + steppers + 0x196CB); obj1/obj2 + VGA + buffers
0x11B9B,ev4_11B9B,src/game/ev4.c,ev4,ev2check,6000,wired (repl.c),scene move/map batch 4 (0x1366A + steppers + 0x196CB); obj1/obj2 + VGA + buffers
0x11BFA,ev4_11BFA,src/game/ev4.c,ev4,ev2check,6000,wired (repl.c),scene move/map batch 4 (0x1366A + steppers + 0x196CB); obj1/obj2 + VGA + buffers
0x11C59,ev4_11C59,src/game/ev4.c,ev4,ev2check,6000,wired (repl.c),scene move/map batch 4 (0x1366A + steppers + 0x196CB); obj1/obj2 + VGA + buffers
0x11CAC,map_view_update,src/game/map.c,map,mapcheck,4000,wired (repl.c),map view render/reveal/cursor/scroller + view refresh
0x11D40,pal_fade_range,src/game/fade.c,fade,fadecheck,4000,wired (repl.c),palette fades 0x11D40/0x1F882/0x1F525; DAC writes compared
0x11DF2,pal_fade_add,src/game/fade.c,fade,fadecheck,4000,wired (repl.c),palette fades 0x11D40/0x1F882/0x1F525; DAC writes compared
0x11EB0,gfx_copy_rows,src/game/gfx.c,gfx,leafcheck,72000,wired (repl.c),"rect save/restore, blits, glyphs"
0x11EEE,map_render_view,src/game/map.c,map,mapcheck,4000,wired (repl.c),map view render/reveal/cursor/scroller + view refresh
0x12263,ev4_12263,src/game/ev4.c,ev4,ev2check,6000,wired (repl.c),scene move/map batch 4 (0x1366A + steppers + 0x196CB); obj1/obj2 + VGA + buffers
0x122DC,map_reveal_cursor,src/game/map.c,map,mapcheck,4000,wired (repl.c),map view render/reveal/cursor/scroller + view refresh
0x126F7,map_blit_tile,src/game/map.c,map,mapcheck,3000,wired (repl.c),map view render/reveal/cursor/scroller + view refresh
0x127A9,dlg_portraits_refresh,src/game/dlg.c,dlg,mapcheck,500,wired (repl.c),"dialogue helpers, box animation, wait-key, typewriter"
0x127E0,dlg_portrait_draw,src/game/dlg.c,dlg,mapcheck,4000,wired (repl.c),"dialogue helpers, box animation, wait-key, typewriter"
0x1297D,anim_frame_step,src/game/anim.c,map,mapcheck,3000,wired (repl.c),BIOS-tick animation frame counter (also in mapcheck)
0x129EC,map_refresh_records,src/game/map.c,map,mapcheck,3000,wired (repl.c),map view render/reveal/cursor/scroller + view refresh
0x12AC6,map_blit_cell_sprite,src/game/map.c,map,mapcheck,3000,wired (repl.c),map view render/reveal/cursor/scroller + view refresh
0x12C0D,dlg_portrait_find,src/game/dlg.c,dlg,mapcheck,3000,wired (repl.c),"dialogue helpers, box animation, wait-key, typewriter"
0x12C60,rec_find,src/game/rec.c,rec,reccheck,42225,wired (repl.c),character record table (incl. round-34 leaves)
0x12D7B,dlg_portrait_glide,src/game/dlg.c,dlg,leafcheck,72000,wired (repl.c),"dialogue helpers, box animation, wait-key, typewriter"
0x12E38,map_cell_info,src/game/map.c,map,mapcheck,3000,wired (repl.c),map view render/reveal/cursor/scroller + view refresh
0x13460,ev5_13460,src/game/ev5.c,ev5,ev2check,2400,wired (repl.c),small scene/map/record leaves batch 5 (28); out-buffers inside the record snapshot
0x134E4,dlg_portrait_clear,src/game/dlg.c,dlg,mapcheck,3000,wired (repl.c),"dialogue helpers, box animation, wait-key, typewriter"
0x13512,rec_flag_or80,src/game/rec.c,rec,reccheck,42225,wired (repl.c),character record table (incl. round-34 leaves)
0x13536,ev5_13536,src/game/ev5.c,ev5,ev2check,2400,wired (repl.c),small scene/map/record leaves batch 5 (28); out-buffers inside the record snapshot
0x135DD,ev2_135DD,src/game/ev2.c,ev2,ev2check,6000,wired (repl.c),funcs_1199C batch 2 (0x35298..0x3644E + 0x135DD); event log + whole obj1 + buffers; --only= subsets
0x1366A,ev4_1366A,src/game/ev4.c,ev4,ev2check,6000,wired (repl.c),scene move/map batch 4 (0x1366A + steppers + 0x196CB); obj1/obj2 + VGA + buffers
0x145CD,unit_mark_nearby,src/game/unit_load.c,unitld,?,?,wired (repl.c),
0x14625,unit_reveal_around,src/game/unit_load.c,unitld,?,?,wired (repl.c),
0x146A7,ev5_146A7,src/game/ev5.c,ev5,ev2check,2400,wired (repl.c),small scene/map/record leaves batch 5 (28); out-buffers inside the record snapshot
0x14B16,ev5_14B16,src/game/ev5.c,ev5,ev2check,2400,wired (repl.c),small scene/map/record leaves batch 5 (28); out-buffers inside the record snapshot
0x15E71,dlg_snap_restore,src/game/dlg.c,dlg,dlgcheck+boxcheck+keycheck+typecheck,800+240+100+1176,wired (repl.c),"dialogue helpers, box animation, wait-key, typewriter"
0x15E9E,dlg_snap_save,src/game/dlg.c,dlg,dlgcheck+boxcheck+keycheck+typecheck,800+240+100+1176,wired (repl.c),"dialogue helpers, box animation, wait-key, typewriter"
0x15F84,vm_run,src/game/vm.c,vm,vmcheck,5512,wired (repl.c),script/text VM 0x15F84
0x164E8,dlg_type_step,src/game/dlg.c,dlg,dlgcheck+boxcheck+keycheck+typecheck,800+240+100+1176,wired (repl.c),"dialogue helpers, box animation, wait-key, typewriter"
0x16559,dlg_blit_dato,src/game/dlg.c,dlg,dlgcheck+boxcheck+keycheck+typecheck,800+240+100+1176,wired (repl.c),"dialogue helpers, box animation, wait-key, typewriter"
0x165AC,dlg_open_box,src/game/dlg.c,dlg,dlgcheck+boxcheck+keycheck+typecheck,800+240+100+1176,wired (repl.c),"dialogue helpers, box animation, wait-key, typewriter"
0x1685C,dlg_frame_tile,src/game/dlg.c,dlg,dlgcheck+boxcheck+keycheck+typecheck,800+240+100+1176,wired (repl.c),"dialogue helpers, box animation, wait-key, typewriter"
0x16886,res_blit6,src/game/res.c,res,mapcheck,3000,wired (repl.c),LMI resource loader; heap via guest_mem
0x168B6,dlg_box_stage,src/game/dlg.c,dlg,dlgcheck+boxcheck+keycheck+typecheck,800+240+100+1176,wired (repl.c),"dialogue helpers, box animation, wait-key, typewriter"
0x16B43,dlg_close_box,src/game/dlg.c,dlg,dlgcheck+boxcheck+keycheck+typecheck,800+240+100+1176,wired (repl.c),"dialogue helpers, box animation, wait-key, typewriter"
0x16C57,dlg_wait_key,src/game/dlg.c,dlg,dlgcheck+boxcheck+keycheck+typecheck,800+240+100+1176,wired (repl.c),"dialogue helpers, box animation, wait-key, typewriter"
0x16E24,dlg_scroll_text,src/game/dlg.c,dlg,dlgcheck+boxcheck+keycheck+typecheck,800+240+100+1176,wired (repl.c),"dialogue helpers, box animation, wait-key, typewriter"
0x173E7,ev5_173E7,src/game/ev5.c,ev5,ev2check,2400,wired (repl.c),small scene/map/record leaves batch 5 (28); out-buffers inside the record snapshot
0x17AA9,svc_wait_ticks,src/game/svc.c,svc,typecheck,1176,wired (repl.c),BIOS tick wait + PCM SFX (also in typecheck)
0x1875D,dlg_draw_number_pair,src/game/dlg.c,dlg,mapcheck,3000,wired (repl.c),"dialogue helpers, box animation, wait-key, typewriter"
0x187D6,dlg_draw_number,src/game/dlg.c,dlg,mapcheck,3000,wired (repl.c),"dialogue helpers, box animation, wait-key, typewriter"
0x1956B,msg_open_portrait,src/game/msg.c,dlg,msgcheck,465,wired (repl.c),portrait compositor 0x1956B/0x1974C/0x26996; event log + screen pair compared
0x196CB,ev4_196CB,src/game/ev4.c,ev4,ev2check,6000,wired (repl.c),scene move/map batch 4 (0x1366A + steppers + 0x196CB); obj1/obj2 + VGA + buffers
0x1974C,msg_blit_band,src/game/msg.c,dlg,msgcheck,465,wired (repl.c),portrait compositor 0x1956B/0x1974C/0x26996; event log + screen pair compared
0x1ACF3,map_draw_cursor,src/game/map.c,map,mapcheck,4000,wired (repl.c),map view render/reveal/cursor/scroller + view refresh
0x1AEB1,dlg_draw_number_signed,src/game/dlg.c,dlg,mapcheck,3000,wired (repl.c),"dialogue helpers, box animation, wait-key, typewriter"
0x1B5F1,ev5_1B5F1,src/game/ev5.c,ev5,ev2check,2400,wired (repl.c),small scene/map/record leaves batch 5 (28); out-buffers inside the record snapshot
0x1B653,ev5_1B653,src/game/ev5.c,ev5,ev2check,2400,wired (repl.c),small scene/map/record leaves batch 5 (28); out-buffers inside the record snapshot
0x1B722,rec_field_byte,src/game/rec.c,rec,reccheck,42225,wired (repl.c),character record table (incl. round-34 leaves)
0x1B750,unit_metrics,src/game/unit_load.c,unitld,?,?,wired (repl.c),
0x1B83D,rec_slot_find,src/game/rec.c,rec,reccheck,42225,wired (repl.c),character record table (incl. round-34 leaves)
0x1B8A6,rec_slot_free,src/game/rec.c,rec,reccheck,42225,wired (repl.c),character record table (incl. round-34 leaves)
0x1B8E7,rec_slot_remove,src/game/rec.c,rec,reccheck,42225,wired (repl.c),character record table (incl. round-34 leaves)
0x1BB8C,rec_slot_claim,src/game/rec.c,rec,reccheck,42225,wired (repl.c),character record table (incl. round-34 leaves)
0x1C220,ev5_1C220,src/game/ev5.c,ev5,ev2check,2400,wired (repl.c),small scene/map/record leaves batch 5 (28); out-buffers inside the record snapshot
0x1C269,rec_collect_slot_bits,src/game/rec.c,rec,reccheck,42225,wired (repl.c),character record table (incl. round-34 leaves)
0x1CA89,rec_sub_table5,src/game/rec.c,rec,reccheck,42225,wired (repl.c),character record table (incl. round-34 leaves)
0x1D4CB,ev5_1D4CB,src/game/ev5.c,ev5,ev2check,2400,wired (repl.c),small scene/map/record leaves batch 5 (28); out-buffers inside the record snapshot
0x1D4F6,menu_stop_and_free_music,src/game/menu_actions.c,menu,?,?,wired (repl.c),
0x1E0DB,map_enqueue_status,src/game/map.c,map,mapcheck,122500,wired (repl.c),map view render/reveal/cursor/scroller + view refresh
0x1E1DC,ev4_1E1DC,src/game/ev4.c,ev4,ev2check,6000,wired (repl.c),scene move/map batch 4 (0x1366A + steppers + 0x196CB); obj1/obj2 + VGA + buffers
0x1E529,msg_show_page,src/game/msg.c,dlg,msgcheck,465,wired (repl.c),portrait compositor 0x1956B/0x1974C/0x26996; event log + screen pair compared
0x1E5C0,ev5_1E5C0,src/game/ev5.c,ev5,ev2check,2400,wired (repl.c),small scene/map/record leaves batch 5 (28); out-buffers inside the record snapshot
0x1F04A,ev5_1F04A,src/game/ev5.c,ev5,ev2check,2400,wired (repl.c),small scene/map/record leaves batch 5 (28); out-buffers inside the record snapshot
0x1F0DC,ev5_1F0DC,src/game/ev5.c,ev5,ev2check,2400,wired (repl.c),small scene/map/record leaves batch 5 (28); out-buffers inside the record snapshot
0x1F183,rec_skip,src/game/rec.c,rec,mapcheck,3000,wired (repl.c),character record table (incl. round-34 leaves)
0x1F525,pal_fade_in,src/game/fade.c,fade,fadecheck,4000,wired (repl.c),palette fades 0x11D40/0x1F882/0x1F525; DAC writes compared
0x1F6EF,ev5_1F6EF,src/game/ev5.c,ev5,ev2check,2400,wired (repl.c),small scene/map/record leaves batch 5 (28); out-buffers inside the record snapshot
0x1F882,pal_fade_out,src/game/fade.c,fade,fadecheck,4000,wired (repl.c),palette fades 0x11D40/0x1F882/0x1F525; DAC writes compared
0x203BD,ev5_203BD,src/game/ev5.c,ev5,ev2check,2400,wired (repl.c),small scene/map/record leaves batch 5 (28); out-buffers inside the record snapshot
0x205B4,ev5_205B4,src/game/ev5.c,ev5,ev2check,2400,wired (repl.c),small scene/map/record leaves batch 5 (28); out-buffers inside the record snapshot
0x205BE,ev5_205BE,src/game/ev5.c,ev5,ev2check,2400,wired (repl.c),small scene/map/record leaves batch 5 (28); out-buffers inside the record snapshot
0x205DA,menu_reload_world,src/game/menu_actions.c,menu,?,?,wired (repl.c),
0x206C5,menu_need_records_marked,src/game/menu_actions.c,menu,?,?,wired (repl.c),
0x20707,menu_need_flags_clear_50_51,src/game/menu_actions.c,menu,?,?,wired (repl.c),
0x2073D,menu_need_flag_clear_14,src/game/menu_actions.c,menu,?,?,wired (repl.c),
0x20765,menu_need_any_clear_15_26,src/game/menu_actions.c,menu,?,?,wired (repl.c),
0x20822,menu_need_flag_clear_64,src/game/menu_actions.c,menu,?,?,wired (repl.c),
0x2084A,menu_need_flag_clear_65,src/game/menu_actions.c,menu,?,?,wired (repl.c),
0x20872,menu_need_flag_clear_52_no_unit18,src/game/menu_actions.c,menu,?,?,wired (repl.c),
0x208CF,ev5_208CF,src/game/ev5.c,ev5,ev2check,2400,wired (repl.c),small scene/map/record leaves batch 5 (28); out-buffers inside the record snapshot
0x20926,menu_need_flag_clear_64_late,src/game/menu_actions.c,menu,?,?,wired (repl.c),
0x20957,menu_need_any_clear_26_43,src/game/menu_actions.c,menu,?,?,wired (repl.c),
0x20A51,menu_need_flags_clear_16_17,src/game/menu_actions.c,menu,?,?,wired (repl.c),
0x20A87,menu_need_flag_clear_1,src/game/menu_actions.c,menu,?,?,wired (repl.c),
0x20AAF,ev5_20AAF,src/game/ev5.c,ev5,ev2check,2400,wired (repl.c),small scene/map/record leaves batch 5 (28); out-buffers inside the record snapshot
0x20B14,menu_need_flag_clear_16,src/game/menu_actions.c,menu,?,?,wired (repl.c),
0x20B3C,menu_need_flags_clear_1_2,src/game/menu_actions.c,menu,?,?,wired (repl.c),
0x20B72,ev5_20B72,src/game/ev5.c,ev5,ev2check,2400,wired (repl.c),small scene/map/record leaves batch 5 (28); out-buffers inside the record snapshot
0x20BF5,ev5_20BF5,src/game/ev5.c,ev5,ev2check,2400,wired (repl.c),small scene/map/record leaves batch 5 (28); out-buffers inside the record snapshot
0x22E5C,scene_card,src/game/scene.c,scene,scenecheck,100,wired (repl.c),scene_card 0x22E5C; service sequence compared
0x22EF6,scene_state_00,src/game/scene.c,scene,scenecheck,100,wired (repl.c),scene_card 0x22E5C; service sequence compared
0x231BC,scene_state_03,src/game/scene.c,scene,scenecheck,100,wired (repl.c),scene_card 0x22E5C; service sequence compared
0x233C6,scene_place_records,src/game/scene.c,scene,scenecheck,100,wired (repl.c),scene_card 0x22E5C; service sequence compared
0x23790,scene_state_10,src/game/scene.c,scene,scenecheck,100,wired (repl.c),scene_card 0x22E5C; service sequence compared
0x2389F,scene_state_12,src/game/scene.c,scene,scenecheck,100,wired (repl.c),scene_card 0x22E5C; service sequence compared
0x239BD,scene_state_14,src/game/scene.c,scene,scenecheck,100,wired (repl.c),scene_card 0x22E5C; service sequence compared
0x23E39,scene_state_18,src/game/scene.c,scene,scenecheck,100,wired (repl.c),scene_card 0x22E5C; service sequence compared
0x24B14,ev5_24B14,src/game/ev5.c,ev5,ev2check,2400,wired (repl.c),small scene/map/record leaves batch 5 (28); out-buffers inside the record snapshot
0x24B4D,ev4_24B4D,src/game/ev4.c,ev4,ev2check,6000,wired (repl.c),scene move/map batch 4 (0x1366A + steppers + 0x196CB); obj1/obj2 + VGA + buffers
0x24D22,map_scroll_lines,src/game/map.c,map,mapcheck,3000,wired (repl.c),map view render/reveal/cursor/scroller + view refresh
0x25052,ev5_25052,src/game/ev5.c,ev5,ev2check,2400,wired (repl.c),small scene/map/record leaves batch 5 (28); out-buffers inside the record snapshot
0x25089,ev5_25089,src/game/ev5.c,ev5,ev2check,2400,wired (repl.c),small scene/map/record leaves batch 5 (28); out-buffers inside the record snapshot
0x25977,bgm_play,src/game/bgm.c,bgm,bgmcheck,6000,wired (repl.c),"play_bgm 0x25977; services hooked, event log compared"
0x25A96,svc_play_sfx,src/game/svc.c,svc,typecheck,1176,wired (repl.c),BIOS tick wait + PCM SFX (also in typecheck)
0x25B45,svc_play_sfx2,src/game/svc.c,svc,typecheck,1176,wired (repl.c),BIOS tick wait + PCM SFX (also in typecheck)
0x26996,msg_close_portrait,src/game/msg.c,dlg,msgcheck,465,wired (repl.c),portrait compositor 0x1956B/0x1974C/0x26996; event log + screen pair compared
0x26C9B,ev5_26C9B,src/game/ev5.c,ev5,ev2check,2400,wired (repl.c),small scene/map/record leaves batch 5 (28); out-buffers inside the record snapshot
0x2860A,ev5_2860A,src/game/ev5.c,ev5,ev2check,2400,wired (repl.c),small scene/map/record leaves batch 5 (28); out-buffers inside the record snapshot
0x2AEDB,ev3_2AEDB,src/game/ev3.c,ev3,ev2check,6000,wired (repl.c),funcs_1199C batch 3 (cluster close); event log + obj1/obj2 + buffers; --only= subsets
0x2B749,ev5_2B749,src/game/ev5.c,ev5,ev2check,2400,wired (repl.c),small scene/map/record leaves batch 5 (28); out-buffers inside the record snapshot
0x2B996,fx_dots7,src/game/fx.c,fx,fxcheck,12884,wired (repl.c),funcs_30469 effect-animation handlers; event log + globals compared
0x2BB33,fx_dots8,src/game/fx.c,fx,fxcheck,12884,wired (repl.c),funcs_30469 effect-animation handlers; event log + globals compared
0x2BD6C,fx_blob,src/game/fx.c,fx,fxcheck,12884,wired (repl.c),funcs_30469 effect-animation handlers; event log + globals compared
0x2BFD9,fx_dots12,src/game/fx.c,fx,fxcheck,12884,wired (repl.c),funcs_30469 effect-animation handlers; event log + globals compared
0x2C217,fx_dots6,src/game/fx.c,fx,fxcheck,12884,wired (repl.c),funcs_30469 effect-animation handlers; event log + globals compared
0x2C441,fx_dots6b,src/game/fx.c,fx,fxcheck,12884,wired (repl.c),funcs_30469 effect-animation handlers; event log + globals compared
0x2CAFC,fx_dots3,src/game/fx.c,fx,fxcheck,12884,wired (repl.c),funcs_30469 effect-animation handlers; event log + globals compared
0x2CCF4,fx_dots16,src/game/fx.c,fx,fxcheck,12884,wired (repl.c),funcs_30469 effect-animation handlers; event log + globals compared
0x2CE1A,fx_toggle,src/game/fx.c,fx,fxcheck,12884,wired (repl.c),funcs_30469 effect-animation handlers; event log + globals compared
0x2EB9F,res_blit,src/game/res.c,res,leafcheck,72000,wired (repl.c),LMI resource loader; heap via guest_mem
0x311E5,anim_cycle_frame,src/game/anim.c,map,mapcheck,3000,wired (repl.c),BIOS-tick animation frame counter (also in mapcheck)
0x314DE,ev5_314DE,src/game/ev5.c,ev5,ev2check,2400,wired (repl.c),small scene/map/record leaves batch 5 (28); out-buffers inside the record snapshot
0x31BDF,msg_show_lines,src/game/msg.c,dlg,msgcheck,465,wired (repl.c),portrait compositor 0x1956B/0x1974C/0x26996; event log + screen pair compared
0x32230,map_unit_ping,src/game/map.c,map,mapcheck,3000,wired (repl.c),map view render/reveal/cursor/scroller + view refresh
0x32975,rec_flag_set1,src/game/rec.c,rec,reccheck,42225,wired (repl.c),character record table (incl. round-34 leaves)
0x32999,unit_map_render,src/game/unit_load.c,unitld,?,?,wired (repl.c),
0x3314B,menu_show_reload,src/game/menu_actions.c,menu,?,?,wired (repl.c),
0x33169,menu_rebuild_sprites_and_show,src/game/menu_actions.c,menu,?,?,wired (repl.c),
0x33219,menu_show_reload_pair,src/game/menu_actions.c,menu,?,?,wired (repl.c),
0x3327D,menu_mark_records_and_show,src/game/menu_actions.c,menu,?,?,wired (repl.c),
0x3332B,menu_show_mark_two,src/game/menu_actions.c,menu,?,?,wired (repl.c),
0x33367,menu_rebuild_sprites_and_clear,src/game/menu_actions.c,menu,?,?,wired (repl.c),
0x333F5,menu_reset_and_show,src/game/menu_actions.c,menu,?,?,wired (repl.c),
0x3346B,menu_show_plain,src/game/menu_actions.c,menu,?,?,wired (repl.c),
0x3347C,menu_show_step20,src/game/menu_actions.c,menu,?,?,wired (repl.c),
0x33499,unit_exists,src/game/unit.c,rec,reccheck,36327,wired (repl.c),persistent party roster (0x1145A/0x11506/0x112A5)
0x334D9,menu_show_gated_by_unit,src/game/menu_actions.c,menu,?,?,wired (repl.c),
0x335A0,menu_show_plain,src/game/menu_actions.c,menu,?,?,wired (repl.c),
0x335AA,menu_show_or_rebuild_sprites,src/game/menu_actions.c,menu,?,?,wired (repl.c),
0x335DA,menu_step_pair_then_clear,src/game/menu_actions.c,menu,?,?,wired (repl.c),
0x33674,menu_show_plain,src/game/menu_actions.c,menu,?,?,wired (repl.c),
0x3367E,menu_show_step16_then_clear,src/game/menu_actions.c,menu,?,?,wired (repl.c),
0x338C4,menu_show_step_pairs,src/game/menu_actions.c,menu,?,?,wired (repl.c),
0x3396A,menu_show_map_pan,src/game/menu_actions.c,menu,?,?,wired (repl.c),
0x33AAE,menu_show_step9_then_clear,src/game/menu_actions.c,menu,?,?,wired (repl.c),
0x33F78,ev3_33F78,src/game/ev3.c,ev3,ev2check,6000,wired (repl.c),funcs_1199C batch 3 (cluster close); event log + obj1/obj2 + buffers; --only= subsets
0x34317,ev5_34317,src/game/ev5.c,ev5,ev2check,2400,wired (repl.c),small scene/map/record leaves batch 5 (28); out-buffers inside the record snapshot
0x344F2,rec_status_set,src/game/rec.c,rec,reccheck,42225,wired (repl.c),character record table (incl. round-34 leaves)
0x34531,ev6_34531,src/game/ev6.c,ev6,?,?,wired (repl.c),
0x3460B,ev6_3460B,src/game/ev6.c,ev6,?,?,wired (repl.c),
0x34673,ev6_34673,src/game/ev6.c,ev6,?,?,wired (repl.c),
0x346CD,ev6_346CD,src/game/ev6.c,ev6,?,?,wired (repl.c),
0x34738,ev_rec13_set1,src/game/ev.c,rec,evcheck,2940,wired (repl.c),funcs_1199C event handlers; record table + event log + normalised returns compared
0x34778,ev6_34778,src/game/ev6.c,ev6,?,?,wired (repl.c),
0x34818,ev6_34818,src/game/ev6.c,ev6,?,?,wired (repl.c),
0x34894,rec_flag,src/game/rec.c,rec,reccheck,42225,wired (repl.c),character record table (incl. round-34 leaves)
0x348BB,ev6_348BB,src/game/ev6.c,ev6,?,?,wired (repl.c),
0x348EA,ev_status24_27,src/game/ev.c,rec,evcheck,2940,wired (repl.c),funcs_1199C event handlers; record table + event log + normalised returns compared
0x34940,ev6_34940,src/game/ev6.c,ev6,?,?,wired (repl.c),
0x34984,ev6_34984,src/game/ev6.c,ev6,?,?,wired (repl.c),
0x349EC,ev6_349EC,src/game/ev6.c,ev6,?,?,wired (repl.c),
0x34A1E,ev6_34A1E,src/game/ev6.c,ev6,?,?,wired (repl.c),
0x34A6C,ev_status7_36,src/game/ev.c,rec,evcheck,2940,wired (repl.c),funcs_1199C event handlers; record table + event log + normalised returns compared
0x34B07,ev6_34B07,src/game/ev6.c,ev6,?,?,wired (repl.c),
0x34B2F,ev_flag8_gate,src/game/ev.c,rec,evcheck,2940,wired (repl.c),funcs_1199C event handlers; record table + event log + normalised returns compared
0x34B6F,ev6_34B6F,src/game/ev6.c,ev6,?,?,wired (repl.c),
0x34B9A,ev6_34B9A,src/game/ev6.c,ev6,?,?,wired (repl.c),
0x34C52,ev6_34C52,src/game/ev6.c,ev6,?,?,wired (repl.c),
0x34C7A,ev6_34C7A,src/game/ev6.c,ev6,?,?,wired (repl.c),
0x34CF1,ev_rec6_gate,src/game/ev.c,rec,evcheck,2940,wired (repl.c),funcs_1199C event handlers; record table + event log + normalised returns compared
0x34D2F,ev6_34D2F,src/game/ev6.c,ev6,?,?,wired (repl.c),
0x34D64,rec_status_mask_records,src/game/rec.c,rec,reccheck,42225,wired (repl.c),character record table (incl. round-34 leaves)
0x34D92,ev_mask_records,src/game/ev.c,rec,evcheck,2940,wired (repl.c),funcs_1199C event handlers; record table + event log + normalised returns compared
0x34DD0,ev6_34DD0,src/game/ev6.c,ev6,?,?,wired (repl.c),
0x34EB3,ev6_34EB3,src/game/ev6.c,ev6,?,?,wired (repl.c),
0x34F38,ev6_34F38,src/game/ev6.c,ev6,?,?,wired (repl.c),
0x34F74,ev_clear_status12_13,src/game/ev.c,rec,evcheck,2940,wired (repl.c),funcs_1199C event handlers; record table + event log + normalised returns compared
0x34FC2,ev6_34FC2,src/game/ev6.c,ev6,?,?,wired (repl.c),
0x34FCC,ev6_34FCC,src/game/ev6.c,ev6,?,?,wired (repl.c),
0x35009,rec_status_set_record14,src/game/rec.c,rec,reccheck,42225,wired (repl.c),character record table (incl. round-34 leaves)
0x35022,ev6_35022,src/game/ev6.c,ev6,?,?,wired (repl.c),
0x350BE,ev6_350BE,src/game/ev6.c,ev6,?,?,wired (repl.c),
0x350C8,ev6_350C8,src/game/ev6.c,ev6,?,?,wired (repl.c),
0x35123,ev_slot8_claim,src/game/ev.c,rec,evcheck,2940,wired (repl.c),funcs_1199C event handlers; record table + event log + normalised returns compared
0x35191,ev_status16_71,src/game/ev.c,rec,evcheck,2940,wired (repl.c),funcs_1199C event handlers; record table + event log + normalised returns compared
0x351E6,ev_clear64_73,src/game/ev.c,rec,evcheck,2940,wired (repl.c),funcs_1199C event handlers; record table + event log + normalised returns compared
0x35258,ev_status16_34,src/game/ev.c,rec,evcheck,2940,wired (repl.c),funcs_1199C event handlers; record table + event log + normalised returns compared
0x35298,ev2_35298,src/game/ev2.c,ev2,ev2check,6000,wired (repl.c),funcs_1199C batch 2 (0x35298..0x3644E + 0x135DD); event log + whole obj1 + buffers; --only= subsets
0x352CA,ev3_352CA,src/game/ev3.c,ev3,ev2check,6000,wired (repl.c),funcs_1199C batch 3 (cluster close); event log + obj1/obj2 + buffers; --only= subsets
0x35321,ev2_35321,src/game/ev2.c,ev2,ev2check,6000,wired (repl.c),funcs_1199C batch 2 (0x35298..0x3644E + 0x135DD); event log + whole obj1 + buffers; --only= subsets
0x35346,ev3_35346,src/game/ev3.c,ev3,ev2check,6000,wired (repl.c),funcs_1199C batch 3 (cluster close); event log + obj1/obj2 + buffers; --only= subsets
0x353B5,ev2_353B5,src/game/ev2.c,ev2,ev2check,6000,wired (repl.c),funcs_1199C batch 2 (0x35298..0x3644E + 0x135DD); event log + whole obj1 + buffers; --only= subsets
0x353E7,ev2_353E7,src/game/ev2.c,ev2,ev2check,6000,wired (repl.c),funcs_1199C batch 2 (0x35298..0x3644E + 0x135DD); event log + whole obj1 + buffers; --only= subsets
0x353FA,ev2_353FA,src/game/ev2.c,ev2,ev2check,6000,wired (repl.c),funcs_1199C batch 2 (0x35298..0x3644E + 0x135DD); event log + whole obj1 + buffers; --only= subsets
0x3540F,ev2_3540F,src/game/ev2.c,ev2,ev2check,6000,wired (repl.c),funcs_1199C batch 2 (0x35298..0x3644E + 0x135DD); event log + whole obj1 + buffers; --only= subsets
0x35422,ev2_35422,src/game/ev2.c,ev2,ev2check,6000,wired (repl.c),funcs_1199C batch 2 (0x35298..0x3644E + 0x135DD); event log + whole obj1 + buffers; --only= subsets
0x35468,ev3_35468,src/game/ev3.c,ev3,ev2check,6000,wired (repl.c),funcs_1199C batch 3 (cluster close); event log + obj1/obj2 + buffers; --only= subsets
0x3551C,ev2_3551C,src/game/ev2.c,ev2,ev2check,6000,wired (repl.c),funcs_1199C batch 2 (0x35298..0x3644E + 0x135DD); event log + whole obj1 + buffers; --only= subsets
0x3553F,ev2_3553F,src/game/ev2.c,ev2,ev2check,6000,wired (repl.c),funcs_1199C batch 2 (0x35298..0x3644E + 0x135DD); event log + whole obj1 + buffers; --only= subsets
0x355B7,ev2_355B7,src/game/ev2.c,ev2,ev2check,6000,wired (repl.c),funcs_1199C batch 2 (0x35298..0x3644E + 0x135DD); event log + whole obj1 + buffers; --only= subsets
0x355F0,ev3_355F0,src/game/ev3.c,ev3,ev2check,6000,wired (repl.c),funcs_1199C batch 3 (cluster close); event log + obj1/obj2 + buffers; --only= subsets
0x35638,ev2_35638,src/game/ev2.c,ev2,ev2check,6000,wired (repl.c),funcs_1199C batch 2 (0x35298..0x3644E + 0x135DD); event log + whole obj1 + buffers; --only= subsets
0x35677,ev2_35677,src/game/ev2.c,ev2,ev2check,6000,wired (repl.c),funcs_1199C batch 2 (0x35298..0x3644E + 0x135DD); event log + whole obj1 + buffers; --only= subsets
0x356B3,ev3_356B3,src/game/ev3.c,ev3,ev2check,6000,wired (repl.c),funcs_1199C batch 3 (cluster close); event log + obj1/obj2 + buffers; --only= subsets
0x35730,ev3_35730,src/game/ev3.c,ev3,ev2check,6000,wired (repl.c),funcs_1199C batch 3 (cluster close); event log + obj1/obj2 + buffers; --only= subsets
0x357DD,ev3_357DD,src/game/ev3.c,ev3,ev2check,6000,wired (repl.c),funcs_1199C batch 3 (cluster close); event log + obj1/obj2 + buffers; --only= subsets
0x35833,ev3_35833,src/game/ev3.c,ev3,ev2check,6000,wired (repl.c),funcs_1199C batch 3 (cluster close); event log + obj1/obj2 + buffers; --only= subsets
0x35854,ev3_35854,src/game/ev3.c,ev3,ev2check,6000,wired (repl.c),funcs_1199C batch 3 (cluster close); event log + obj1/obj2 + buffers; --only= subsets
0x35997,ev2_35997,src/game/ev2.c,ev2,ev2check,6000,wired (repl.c),funcs_1199C batch 2 (0x35298..0x3644E + 0x135DD); event log + whole obj1 + buffers; --only= subsets
0x359CB,ev2_359CB,src/game/ev2.c,ev2,ev2check,6000,wired (repl.c),funcs_1199C batch 2 (0x35298..0x3644E + 0x135DD); event log + whole obj1 + buffers; --only= subsets
0x35A0D,ev3_35A0D,src/game/ev3.c,ev3,ev2check,6000,wired (repl.c),funcs_1199C batch 3 (cluster close); event log + obj1/obj2 + buffers; --only= subsets
0x35B78,ev3_35B78,src/game/ev3.c,ev3,ev2check,6000,wired (repl.c),funcs_1199C batch 3 (cluster close); event log + obj1/obj2 + buffers; --only= subsets
0x35BEE,ev2_35BEE,src/game/ev2.c,ev2,ev2check,6000,wired (repl.c),funcs_1199C batch 2 (0x35298..0x3644E + 0x135DD); event log + whole obj1 + buffers; --only= subsets
0x35C1D,ev2_35C1D,src/game/ev2.c,ev2,ev2check,6000,wired (repl.c),funcs_1199C batch 2 (0x35298..0x3644E + 0x135DD); event log + whole obj1 + buffers; --only= subsets
0x35C40,ev3_35C40,src/game/ev3.c,ev3,ev2check,6000,wired (repl.c),funcs_1199C batch 3 (cluster close); event log + obj1/obj2 + buffers; --only= subsets
0x35CF1,ev3_35CF1,src/game/ev3.c,ev3,ev2check,6000,wired (repl.c),funcs_1199C batch 3 (cluster close); event log + obj1/obj2 + buffers; --only= subsets
0x35D1E,ev3_35D1E,src/game/ev3.c,ev3,ev2check,6000,wired (repl.c),funcs_1199C batch 3 (cluster close); event log + obj1/obj2 + buffers; --only= subsets
0x35D85,ev2_35D85,src/game/ev2.c,ev2,ev2check,6000,wired (repl.c),funcs_1199C batch 2 (0x35298..0x3644E + 0x135DD); event log + whole obj1 + buffers; --only= subsets
0x35D9E,ev3_35D9E,src/game/ev3.c,ev3,ev2check,6000,wired (repl.c),funcs_1199C batch 3 (cluster close); event log + obj1/obj2 + buffers; --only= subsets
0x35E0E,ev3_35E0E,src/game/ev3.c,ev3,ev2check,6000,wired (repl.c),funcs_1199C batch 3 (cluster close); event log + obj1/obj2 + buffers; --only= subsets
0x35E5B,ev3_35E5B,src/game/ev3.c,ev3,ev2check,6000,wired (repl.c),funcs_1199C batch 3 (cluster close); event log + obj1/obj2 + buffers; --only= subsets
0x35EC1,ev3_35EC1,src/game/ev3.c,ev3,ev2check,6000,wired (repl.c),funcs_1199C batch 3 (cluster close); event log + obj1/obj2 + buffers; --only= subsets
0x35F10,ev3_35F10,src/game/ev3.c,ev3,ev2check,6000,wired (repl.c),funcs_1199C batch 3 (cluster close); event log + obj1/obj2 + buffers; --only= subsets
0x35F48,ev3_35F48,src/game/ev3.c,ev3,ev2check,6000,wired (repl.c),funcs_1199C batch 3 (cluster close); event log + obj1/obj2 + buffers; --only= subsets
0x35F79,ev2_35F79,src/game/ev2.c,ev2,ev2check,6000,wired (repl.c),funcs_1199C batch 2 (0x35298..0x3644E + 0x135DD); event log + whole obj1 + buffers; --only= subsets
0x35F88,ev3_35F88,src/game/ev3.c,ev3,ev2check,6000,wired (repl.c),funcs_1199C batch 3 (cluster close); event log + obj1/obj2 + buffers; --only= subsets
0x35FCF,ev3_35FCF,src/game/ev3.c,ev3,ev2check,6000,wired (repl.c),funcs_1199C batch 3 (cluster close); event log + obj1/obj2 + buffers; --only= subsets
0x360B6,ev3_360B6,src/game/ev3.c,ev3,ev2check,6000,wired (repl.c),funcs_1199C batch 3 (cluster close); event log + obj1/obj2 + buffers; --only= subsets
0x361B0,ev3_361B0,src/game/ev3.c,ev3,ev2check,6000,wired (repl.c),funcs_1199C batch 3 (cluster close); event log + obj1/obj2 + buffers; --only= subsets
0x36214,ev2_36214,src/game/ev2.c,ev2,ev2check,6000,wired (repl.c),funcs_1199C batch 2 (0x35298..0x3644E + 0x135DD); event log + whole obj1 + buffers; --only= subsets
0x36228,ev2_36228,src/game/ev2.c,ev2,ev2check,6000,wired (repl.c),funcs_1199C batch 2 (0x35298..0x3644E + 0x135DD); event log + whole obj1 + buffers; --only= subsets
0x3623C,ev3_3623C,src/game/ev3.c,ev3,ev2check,6000,wired (repl.c),funcs_1199C batch 3 (cluster close); event log + obj1/obj2 + buffers; --only= subsets
0x362B0,ev2_362B0,src/game/ev2.c,ev2,ev2check,6000,wired (repl.c),funcs_1199C batch 2 (0x35298..0x3644E + 0x135DD); event log + whole obj1 + buffers; --only= subsets
0x362C5,ev2_362C5,src/game/ev2.c,ev2,ev2check,6000,wired (repl.c),funcs_1199C batch 2 (0x35298..0x3644E + 0x135DD); event log + whole obj1 + buffers; --only= subsets
0x362E8,ev3_362E8,src/game/ev3.c,ev3,ev2check,6000,wired (repl.c),funcs_1199C batch 3 (cluster close); event log + obj1/obj2 + buffers; --only= subsets
0x363DE,ev2_363DE,src/game/ev2.c,ev2,ev2check,6000,wired (repl.c),funcs_1199C batch 2 (0x35298..0x3644E + 0x135DD); event log + whole obj1 + buffers; --only= subsets
0x36416,ev2_36416,src/game/ev2.c,ev2,ev2check,6000,wired (repl.c),funcs_1199C batch 2 (0x35298..0x3644E + 0x135DD); event log + whole obj1 + buffers; --only= subsets
0x3642E,ev2_3642E,src/game/ev2.c,ev2,ev2check,6000,wired (repl.c),funcs_1199C batch 2 (0x35298..0x3644E + 0x135DD); event log + whole obj1 + buffers; --only= subsets
0x36439,ev2_36439,src/game/ev2.c,ev2,ev2check,6000,wired (repl.c),funcs_1199C batch 2 (0x35298..0x3644E + 0x135DD); event log + whole obj1 + buffers; --only= subsets
0x36440,ev2_36440,src/game/ev2.c,ev2,ev2check,6000,wired (repl.c),funcs_1199C batch 2 (0x35298..0x3644E + 0x135DD); event log + whole obj1 + buffers; --only= subsets
0x36447,ev2_36447,src/game/ev2.c,ev2,ev2check,6000,wired (repl.c),funcs_1199C batch 2 (0x35298..0x3644E + 0x135DD); event log + whole obj1 + buffers; --only= subsets
0x3644E,ev2_3644E,src/game/ev2.c,ev2,ev2check,6000,wired (repl.c),funcs_1199C batch 2 (0x35298..0x3644E + 0x135DD); event log + whole obj1 + buffers; --only= subsets
0x4DED4,util_rec3,src/game/util.c,util,utilcheck,2200,wired (repl.c),byte/palette utilities
0x4DEEC,util_translate,src/game/util.c,util,utilcheck,2200,wired (repl.c),byte/palette utilities
0x4DF09,util_sum_tail4,src/game/util.c,util,utilcheck,2200,wired (repl.c),byte/palette utilities
0x4DF28,util_deobfuscate,src/game/util.c,util,utilcheck,2200,wired (repl.c),byte/palette utilities
0x4DF4C,util_fix_records,src/game/util.c,util,utilcheck,2200,wired (repl.c),byte/palette utilities
0x4DF84,sprite24_ramp,src/game/sprite24.c,sprite24,sprite24check,2100,wired (repl.c),24x24 sprite RLE family
0x4E016,sprite24_pal_recolor,src/game/sprite24.c,sprite24,sprite24check,2100,wired (repl.c),24x24 sprite RLE family
0x4E0A2,sprite24_pal,src/game/sprite24.c,sprite24,sprite24check,2100,wired (repl.c),24x24 sprite RLE family
0x4E127,sprite24_const,src/game/sprite24.c,sprite24,sprite24check,2100,wired (repl.c),24x24 sprite RLE family
0x4E1A6,sprite24_ramp24,src/game/sprite24.c,sprite24,sprite24check,2100,wired (repl.c),24x24 sprite RLE family
0x4E22A,sprite24_plain,src/game/sprite24.c,sprite24,sprite24check,2100,wired (repl.c),24x24 sprite RLE family
0x4E29C,sprite24_plain49,src/game/sprite24.c,sprite24,sprite24check,2100,wired (repl.c),24x24 sprite RLE family
0x4E310,pal_tick_word,src/game/fade.c,fade,mapcheck,500,wired (repl.c),palette fades 0x11D40/0x1F882/0x1F525; DAC writes compared
0x4E31C,pal_anim_step,src/game/fade.c,fade,mapcheck,3000,wired (repl.c),palette fades 0x11D40/0x1F882/0x1F525; DAC writes compared
0x4E381,kbd_flush,src/game/kbd.c,svc,leafcheck,72000,wired (repl.c),
0x4E390,path_mark,src/game/path.c,path,pathcheck,1000,wired (repl.c),terrain cost flood + path trace
0x4E4F6,path_find,src/game/path.c,path,pathcheck,1000,wired (repl.c),terrain cost flood + path trace
0x4E795,util_mask_recolor,src/game/util.c,util,utilcheck,2200,wired (repl.c),byte/palette utilities
0x4E7DD,tbl_615FE,src/game/tables.c,util,tablescheck,4528,wired (repl.c),table accessors
0x4E7F2,tbl_626B3,src/game/tables.c,util,tablescheck,4528,wired (repl.c),table accessors
0x4E809,tbl_6238D,src/game/tables.c,util,tablescheck,4528,wired (repl.c),table accessors
0x4E821,tbl_620A1,src/game/unit.c,util,reccheck,36327,wired (repl.c),persistent party roster (0x1145A/0x11506/0x112A5)
0x4E838,tbl_61DA1,src/game/unit.c,util,reccheck,36327,wired (repl.c),persistent party roster (0x1145A/0x11506/0x112A5)
0x4E84F,tbl_61AF9,src/game/tables.c,util,tablescheck,4528,wired (repl.c),table accessors
0x4E866,tbl_619FD,src/game/tables.c,util,tablescheck,4528,wired (repl.c),table accessors
0x4E87D,tbl_61955_dword,src/game/tables.c,util,tablescheck,4528,wired (repl.c),table accessors
0x4E88E,tbl_6188A,src/game/tables.c,util,tablescheck,4528,wired (repl.c),table accessors
0x4E8A5,tbl_61646,src/game/tables.c,util,tablescheck,4528,wired (repl.c),table accessors
0x4E8BC,tbl_602AD,src/game/unit.c,util,reccheck,36327,wired (repl.c),persistent party roster (0x1145A/0x11506/0x112A5)
0x4E8D3,rle_decode_lut,src/game/rle.c,rle,rlecheck,1900,wired (repl.c),"pure compute, machine-code differential"
0x4E98D,rle_decode,src/game/rle.c,rle,rlecheck,1900,wired (repl.c),"pure compute, machine-code differential"
0x4EB48,tbl_off627D8,src/game/tables.c,util,mapcheck,3000,wired (repl.c),table accessors
0x4EBAB,rle2_blit_trans,src/game/rle2.c,rle,rle2check,1200,wired (repl.c),0xC0-range RLE blits
0x4EBE3,util_rand,src/game/util.c,util,leafcheck,72000,wired (repl.c),byte/palette utilities
0x4EBFF,rle2_blit,src/game/rle2.c,rle,rle2check,1200,wired (repl.c),0xC0-range RLE blits
0x4EC31,rle2_blit_mirror,src/game/rle2.c,rle,rle2check,1200,wired (repl.c),0xC0-range RLE blits
0x4EC7C,gfx_restore_rect,src/game/gfx.c,gfx,gfxcheck,1450,wired (repl.c),"rect save/restore, blits, glyphs"
0x4ECBF,gfx_save_rect,src/game/gfx.c,gfx,gfxcheck,1450,wired (repl.c),"rect save/restore, blits, glyphs"
0x4ED0B,gfx_blit_block,src/game/gfx.c,gfx,gfxcheck,1450,wired (repl.c),"rect save/restore, blits, glyphs"
0x4ED34,gfx_blit_transparent,src/game/gfx.c,gfx,gfxcheck,1450,wired (repl.c),"rect save/restore, blits, glyphs"
0x4ED7A,gfx_draw_glyph,src/game/gfx.c,gfx,gfxcheck,1450,wired (repl.c),"rect save/restore, blits, glyphs"
0x4EEE0,gfx_expand_scanlines,src/game/gfx.c,gfx,gfxcheck,1450,wired (repl.c),"rect save/restore, blits, glyphs"
